solid OpenSCAD_Model
  facet normal -0.995188 -0.0979826 0
    outer loop
      vertex -28.6036 0.111185 0
      vertex -28.6145 0.221894 2.5
      vertex -28.6145 0.221894 0
    endloop
  endfacet
  facet normal -0.995188 -0.0979826 0
    outer loop
      vertex -28.6145 0.221894 2.5
      vertex -28.6036 0.111185 0
      vertex -28.6036 0.111185 2.5
    endloop
  endfacet
  facet normal 0.0979904 -0.995187 0
    outer loop
      vertex -30.5219 1.68546 0
      vertex -30.4112 1.69636 2.5
      vertex -30.5219 1.68546 2.5
    endloop
  endfacet
  facet normal 0.0979904 -0.995187 0
    outer loop
      vertex -30.4112 1.69636 2.5
      vertex -30.5219 1.68546 0
      vertex -30.4112 1.69636 0
    endloop
  endfacet
  facet normal 0.772915 0.634509 0
    outer loop
      vertex -31.5781 -1.12089 2.5
      vertex -31.6487 -1.03489 0
      vertex -31.6487 -1.03489 2.5
    endloop
  endfacet
  facet normal 0.772915 0.634509 0
    outer loop
      vertex -31.6487 -1.03489 0
      vertex -31.5781 -1.12089 2.5
      vertex -31.5781 -1.12089 0
    endloop
  endfacet
  facet normal -0.772915 -0.634509 0
    outer loop
      vertex -28.9513 1.03489 0
      vertex -29.0219 1.12089 2.5
      vertex -29.0219 1.12089 0
    endloop
  endfacet
  facet normal -0.772915 -0.634509 0
    outer loop
      vertex -29.0219 1.12089 2.5
      vertex -28.9513 1.03489 0
      vertex -28.9513 1.03489 2.5
    endloop
  endfacet
  facet normal -0.162913 -0.986641 0
    outer loop
      vertex -30.0781 1.68546 0
      vertex -29.9683 1.66733 2.5
      vertex -30.0781 1.68546 2.5
    endloop
  endfacet
  facet normal -0.162913 -0.986641 -0
    outer loop
      vertex -29.9683 1.66733 2.5
      vertex -30.0781 1.68546 0
      vertex -29.9683 1.66733 0
    endloop
  endfacet
  facet normal -0.999476 0.0323615 0
    outer loop
      vertex -28.6036 -0.111185 0
      vertex -28.6 0 2.5
      vertex -28.6 0 0
    endloop
  endfacet
  facet normal -0.999476 0.0323615 0
    outer loop
      vertex -28.6 0 2.5
      vertex -28.6036 -0.111185 0
      vertex -28.6036 -0.111185 2.5
    endloop
  endfacet
  facet normal 0.973998 -0.226555 0
    outer loop
      vertex -31.9673 0.331653 2.5
      vertex -31.9421 0.439992 0
      vertex -31.9421 0.439992 2.5
    endloop
  endfacet
  facet normal 0.973998 -0.226555 0
    outer loop
      vertex -31.9421 0.439992 0
      vertex -31.9673 0.331653 2.5
      vertex -31.9673 0.331653 0
    endloop
  endfacet
  facet normal 0.471428 0.881905 -0
    outer loop
      vertex -31.0519 -1.52468 0
      vertex -31.15 -1.47224 2.5
      vertex -31.0519 -1.52468 2.5
    endloop
  endfacet
  facet normal 0.471428 0.881905 0
    outer loop
      vertex -31.15 -1.47224 2.5
      vertex -31.0519 -1.52468 0
      vertex -31.15 -1.47224 0
    endloop
  endfacet
  facet normal -0.956922 -0.290344 0
    outer loop
      vertex -28.6579 0.439992 0
      vertex -28.6902 0.546447 2.5
      vertex -28.6902 0.546447 0
    endloop
  endfacet
  facet normal -0.956922 -0.290344 0
    outer loop
      vertex -28.6902 0.546447 2.5
      vertex -28.6579 0.439992 0
      vertex -28.6579 0.439992 2.5
    endloop
  endfacet
  facet normal -0.0327163 -0.999465 0
    outer loop
      vertex -30.3 1.7 0
      vertex -30.1888 1.69636 2.5
      vertex -30.3 1.7 2.5
    endloop
  endfacet
  facet normal -0.0327163 -0.999465 -0
    outer loop
      vertex -30.1888 1.69636 2.5
      vertex -30.3 1.7 0
      vertex -30.1888 1.69636 0
    endloop
  endfacet
  facet normal -0.162913 0.986641 0
    outer loop
      vertex -29.9683 -1.66733 0
      vertex -30.0781 -1.68546 2.5
      vertex -29.9683 -1.66733 2.5
    endloop
  endfacet
  facet normal -0.162913 0.986641 0
    outer loop
      vertex -30.0781 -1.68546 2.5
      vertex -29.9683 -1.66733 0
      vertex -30.0781 -1.68546 0
    endloop
  endfacet
  facet normal 0.999476 0.0323615 0
    outer loop
      vertex -31.9964 -0.111185 2.5
      vertex -32 0 0
      vertex -32 0 2.5
    endloop
  endfacet
  facet normal 0.999476 0.0323615 0
    outer loop
      vertex -32 0 0
      vertex -31.9964 -0.111185 2.5
      vertex -31.9964 -0.111185 0
    endloop
  endfacet
  facet normal -0.227144 0.973861 0
    outer loop
      vertex -29.86 -1.64207 0
      vertex -29.9683 -1.66733 2.5
      vertex -29.86 -1.64207 2.5
    endloop
  endfacet
  facet normal -0.227144 0.973861 0
    outer loop
      vertex -29.9683 -1.66733 2.5
      vertex -29.86 -1.64207 0
      vertex -29.9683 -1.66733 0
    endloop
  endfacet
  facet normal 0.910903 0.412621 0
    outer loop
      vertex -31.8247 -0.75189 2.5
      vertex -31.8706 -0.650561 0
      vertex -31.8706 -0.650561 2.5
    endloop
  endfacet
  facet normal 0.910903 0.412621 0
    outer loop
      vertex -31.8706 -0.650561 0
      vertex -31.8247 -0.75189 2.5
      vertex -31.8247 -0.75189 0
    endloop
  endfacet
  facet normal -0.772915 0.634509 0
    outer loop
      vertex -29.0219 -1.12089 0
      vertex -28.9513 -1.03489 2.5
      vertex -28.9513 -1.03489 0
    endloop
  endfacet
  facet normal -0.772915 0.634509 0
    outer loop
      vertex -28.9513 -1.03489 2.5
      vertex -29.0219 -1.12089 0
      vertex -29.0219 -1.12089 2.5
    endloop
  endfacet
  facet normal -0.999476 -0.0323615 0
    outer loop
      vertex -28.6 0 0
      vertex -28.6036 0.111185 2.5
      vertex -28.6036 0.111185 0
    endloop
  endfacet
  facet normal -0.999476 -0.0323615 0
    outer loop
      vertex -28.6036 0.111185 2.5
      vertex -28.6 0 0
      vertex -28.6 0 2.5
    endloop
  endfacet
  facet normal -0.935864 0.352362 0
    outer loop
      vertex -28.7294 -0.650561 0
      vertex -28.6902 -0.546447 2.5
      vertex -28.6902 -0.546447 0
    endloop
  endfacet
  facet normal -0.935864 0.352362 0
    outer loop
      vertex -28.6902 -0.546447 2.5
      vertex -28.7294 -0.650561 0
      vertex -28.7294 -0.650561 2.5
    endloop
  endfacet
  facet normal 0.352029 0.935989 -0
    outer loop
      vertex -30.8464 -1.60978 0
      vertex -30.9506 -1.57059 2.5
      vertex -30.8464 -1.60978 2.5
    endloop
  endfacet
  facet normal 0.352029 0.935989 0
    outer loop
      vertex -30.9506 -1.57059 2.5
      vertex -30.8464 -1.60978 0
      vertex -30.9506 -1.57059 0
    endloop
  endfacet
  facet normal 0.582598 -0.81276 0
    outer loop
      vertex -31.3349 1.3487 0
      vertex -31.2445 1.4135 2.5
      vertex -31.3349 1.3487 2.5
    endloop
  endfacet
  facet normal 0.582598 -0.81276 0
    outer loop
      vertex -31.2445 1.4135 2.5
      vertex -31.3349 1.3487 0
      vertex -31.2445 1.4135 0
    endloop
  endfacet
  facet normal 0.412793 -0.910825 0
    outer loop
      vertex -31.0519 1.52468 0
      vertex -30.9506 1.57059 2.5
      vertex -31.0519 1.52468 2.5
    endloop
  endfacet
  facet normal 0.412793 -0.910825 0
    outer loop
      vertex -30.9506 1.57059 2.5
      vertex -31.0519 1.52468 0
      vertex -30.9506 1.57059 0
    endloop
  endfacet
  facet normal 0.995188 -0.0979826 0
    outer loop
      vertex -31.9964 0.111185 2.5
      vertex -31.9855 0.221894 0
      vertex -31.9855 0.221894 2.5
    endloop
  endfacet
  facet normal 0.995188 -0.0979826 0
    outer loop
      vertex -31.9855 0.221894 0
      vertex -31.9964 0.111185 2.5
      vertex -31.9964 0.111185 0
    endloop
  endfacet
  facet normal 0.986529 -0.163584 0
    outer loop
      vertex -31.9855 0.221894 2.5
      vertex -31.9673 0.331653 0
      vertex -31.9673 0.331653 2.5
    endloop
  endfacet
  facet normal 0.986529 -0.163584 0
    outer loop
      vertex -31.9673 0.331653 0
      vertex -31.9855 0.221894 2.5
      vertex -31.9855 0.221894 0
    endloop
  endfacet
  facet normal 0.634348 0.773047 -0
    outer loop
      vertex -31.3349 -1.3487 0
      vertex -31.4209 -1.27813 2.5
      vertex -31.3349 -1.3487 2.5
    endloop
  endfacet
  facet normal 0.634348 0.773047 0
    outer loop
      vertex -31.4209 -1.27813 2.5
      vertex -31.3349 -1.3487 0
      vertex -31.4209 -1.27813 0
    endloop
  endfacet
  facet normal -0.849382 -0.527779 0
    outer loop
      vertex -28.8278 0.849999 0
      vertex -28.8865 0.944468 2.5
      vertex -28.8865 0.944468 0
    endloop
  endfacet
  facet normal -0.849382 -0.527779 0
    outer loop
      vertex -28.8865 0.944468 2.5
      vertex -28.8278 0.849999 0
      vertex -28.8278 0.849999 2.5
    endloop
  endfacet
  facet normal -0.730056 -0.683388 0
    outer loop
      vertex -29.0219 1.12089 0
      vertex -29.0979 1.20208 2.5
      vertex -29.0979 1.20208 0
    endloop
  endfacet
  facet normal -0.730056 -0.683388 0
    outer loop
      vertex -29.0979 1.20208 2.5
      vertex -29.0219 1.12089 0
      vertex -29.0219 1.12089 2.5
    endloop
  endfacet
  facet normal 0.956922 -0.290344 0
    outer loop
      vertex -31.9421 0.439992 2.5
      vertex -31.9098 0.546447 0
      vertex -31.9098 0.546447 2.5
    endloop
  endfacet
  facet normal 0.956922 -0.290344 0
    outer loop
      vertex -31.9098 0.546447 0
      vertex -31.9421 0.439992 2.5
      vertex -31.9421 0.439992 0
    endloop
  endfacet
  facet normal 0.730056 0.683388 0
    outer loop
      vertex -31.5021 -1.20208 2.5
      vertex -31.5781 -1.12089 0
      vertex -31.5781 -1.12089 2.5
    endloop
  endfacet
  facet normal 0.730056 0.683388 0
    outer loop
      vertex -31.5781 -1.12089 0
      vertex -31.5021 -1.20208 2.5
      vertex -31.5021 -1.20208 0
    endloop
  endfacet
  facet normal -0.730056 0.683388 0
    outer loop
      vertex -29.0979 -1.20208 0
      vertex -29.0219 -1.12089 2.5
      vertex -29.0219 -1.12089 0
    endloop
  endfacet
  facet normal -0.730056 0.683388 0
    outer loop
      vertex -29.0219 -1.12089 2.5
      vertex -29.0979 -1.20208 0
      vertex -29.0979 -1.20208 2.5
    endloop
  endfacet
  facet normal 0.956922 0.290344 0
    outer loop
      vertex -31.9098 -0.546447 2.5
      vertex -31.9421 -0.439992 0
      vertex -31.9421 -0.439992 2.5
    endloop
  endfacet
  facet normal 0.956922 0.290344 0
    outer loop
      vertex -31.9421 -0.439992 0
      vertex -31.9098 -0.546447 2.5
      vertex -31.9098 -0.546447 0
    endloop
  endfacet
  facet normal -0.227144 -0.973861 0
    outer loop
      vertex -29.9683 1.66733 0
      vertex -29.86 1.64207 2.5
      vertex -29.9683 1.66733 2.5
    endloop
  endfacet
  facet normal -0.227144 -0.973861 -0
    outer loop
      vertex -29.86 1.64207 2.5
      vertex -29.9683 1.66733 0
      vertex -29.86 1.64207 0
    endloop
  endfacet
  facet normal 0.881698 0.471814 0
    outer loop
      vertex -31.7722 -0.849999 2.5
      vertex -31.8247 -0.75189 0
      vertex -31.8247 -0.75189 2.5
    endloop
  endfacet
  facet normal 0.881698 0.471814 0
    outer loop
      vertex -31.8247 -0.75189 0
      vertex -31.7722 -0.849999 2.5
      vertex -31.7722 -0.849999 0
    endloop
  endfacet
  facet normal -0.352029 0.935989 0
    outer loop
      vertex -29.6494 -1.57059 0
      vertex -29.7536 -1.60978 2.5
      vertex -29.6494 -1.57059 2.5
    endloop
  endfacet
  facet normal -0.352029 0.935989 0
    outer loop
      vertex -29.7536 -1.60978 2.5
      vertex -29.6494 -1.57059 0
      vertex -29.7536 -1.60978 0
    endloop
  endfacet
  facet normal 0.973998 0.226555 0
    outer loop
      vertex -31.9421 -0.439992 2.5
      vertex -31.9673 -0.331653 0
      vertex -31.9673 -0.331653 2.5
    endloop
  endfacet
  facet normal 0.973998 0.226555 0
    outer loop
      vertex -31.9673 -0.331653 0
      vertex -31.9421 -0.439992 2.5
      vertex -31.9421 -0.439992 0
    endloop
  endfacet
  facet normal -0.412793 -0.910825 0
    outer loop
      vertex -29.6494 1.57059 0
      vertex -29.5481 1.52468 2.5
      vertex -29.6494 1.57059 2.5
    endloop
  endfacet
  facet normal -0.412793 -0.910825 -0
    outer loop
      vertex -29.5481 1.52468 2.5
      vertex -29.6494 1.57059 0
      vertex -29.5481 1.52468 0
    endloop
  endfacet
  facet normal 0.881698 -0.471814 0
    outer loop
      vertex -31.8247 0.75189 2.5
      vertex -31.7722 0.849999 0
      vertex -31.7722 0.849999 2.5
    endloop
  endfacet
  facet normal 0.881698 -0.471814 0
    outer loop
      vertex -31.7722 0.849999 0
      vertex -31.8247 0.75189 2.5
      vertex -31.8247 0.75189 0
    endloop
  endfacet
  facet normal -0.471428 -0.881905 0
    outer loop
      vertex -29.5481 1.52468 0
      vertex -29.45 1.47224 2.5
      vertex -29.5481 1.52468 2.5
    endloop
  endfacet
  facet normal -0.471428 -0.881905 -0
    outer loop
      vertex -29.45 1.47224 2.5
      vertex -29.5481 1.52468 0
      vertex -29.45 1.47224 0
    endloop
  endfacet
  facet normal 0.683582 -0.729873 0
    outer loop
      vertex -31.5021 1.20208 0
      vertex -31.4209 1.27813 2.5
      vertex -31.5021 1.20208 2.5
    endloop
  endfacet
  facet normal 0.683582 -0.729873 0
    outer loop
      vertex -31.4209 1.27813 2.5
      vertex -31.5021 1.20208 0
      vertex -31.4209 1.27813 0
    endloop
  endfacet
  facet normal -0.0327163 0.999465 0
    outer loop
      vertex -30.1888 -1.69636 0
      vertex -30.3 -1.7 2.5
      vertex -30.1888 -1.69636 2.5
    endloop
  endfacet
  facet normal -0.0327163 0.999465 0
    outer loop
      vertex -30.3 -1.7 2.5
      vertex -30.1888 -1.69636 0
      vertex -30.3 -1.7 0
    endloop
  endfacet
  facet normal -0.634348 -0.773047 0
    outer loop
      vertex -29.2651 1.3487 0
      vertex -29.1791 1.27813 2.5
      vertex -29.2651 1.3487 2.5
    endloop
  endfacet
  facet normal -0.634348 -0.773047 -0
    outer loop
      vertex -29.1791 1.27813 2.5
      vertex -29.2651 1.3487 0
      vertex -29.1791 1.27813 0
    endloop
  endfacet
  facet normal 0.227144 -0.973861 0
    outer loop
      vertex -30.74 1.64207 0
      vertex -30.6317 1.66733 2.5
      vertex -30.74 1.64207 2.5
    endloop
  endfacet
  facet normal 0.227144 -0.973861 0
    outer loop
      vertex -30.6317 1.66733 2.5
      vertex -30.74 1.64207 0
      vertex -30.6317 1.66733 0
    endloop
  endfacet
  facet normal -0.881698 -0.471814 0
    outer loop
      vertex -28.7753 0.75189 0
      vertex -28.8278 0.849999 2.5
      vertex -28.8278 0.849999 0
    endloop
  endfacet
  facet normal -0.881698 -0.471814 0
    outer loop
      vertex -28.8278 0.849999 2.5
      vertex -28.7753 0.75189 0
      vertex -28.7753 0.75189 2.5
    endloop
  endfacet
  facet normal -0.956922 0.290344 0
    outer loop
      vertex -28.6902 -0.546447 0
      vertex -28.6579 -0.439992 2.5
      vertex -28.6579 -0.439992 0
    endloop
  endfacet
  facet normal -0.956922 0.290344 0
    outer loop
      vertex -28.6579 -0.439992 2.5
      vertex -28.6902 -0.546447 0
      vertex -28.6902 -0.546447 2.5
    endloop
  endfacet
  facet normal 0.0327163 0.999465 -0
    outer loop
      vertex -30.3 -1.7 0
      vertex -30.4112 -1.69636 2.5
      vertex -30.3 -1.7 2.5
    endloop
  endfacet
  facet normal 0.0327163 0.999465 0
    outer loop
      vertex -30.4112 -1.69636 2.5
      vertex -30.3 -1.7 0
      vertex -30.4112 -1.69636 0
    endloop
  endfacet
  facet normal 0.352029 -0.935989 0
    outer loop
      vertex -30.9506 1.57059 0
      vertex -30.8464 1.60978 2.5
      vertex -30.9506 1.57059 2.5
    endloop
  endfacet
  facet normal 0.352029 -0.935989 0
    outer loop
      vertex -30.8464 1.60978 2.5
      vertex -30.9506 1.57059 0
      vertex -30.8464 1.60978 0
    endloop
  endfacet
  facet normal 0.935864 0.352362 0
    outer loop
      vertex -31.8706 -0.650561 2.5
      vertex -31.9098 -0.546447 0
      vertex -31.9098 -0.546447 2.5
    endloop
  endfacet
  facet normal 0.935864 0.352362 0
    outer loop
      vertex -31.9098 -0.546447 0
      vertex -31.8706 -0.650561 2.5
      vertex -31.8706 -0.650561 0
    endloop
  endfacet
  facet normal -0.910903 -0.412621 0
    outer loop
      vertex -28.7294 0.650561 0
      vertex -28.7753 0.75189 2.5
      vertex -28.7753 0.75189 0
    endloop
  endfacet
  facet normal -0.910903 -0.412621 0
    outer loop
      vertex -28.7753 0.75189 2.5
      vertex -28.7294 0.650561 0
      vertex -28.7294 0.650561 2.5
    endloop
  endfacet
  facet normal -0.582598 -0.81276 0
    outer loop
      vertex -29.3555 1.4135 0
      vertex -29.2651 1.3487 2.5
      vertex -29.3555 1.4135 2.5
    endloop
  endfacet
  facet normal -0.582598 -0.81276 -0
    outer loop
      vertex -29.2651 1.3487 2.5
      vertex -29.3555 1.4135 0
      vertex -29.2651 1.3487 0
    endloop
  endfacet
  facet normal 0.730056 -0.683388 0
    outer loop
      vertex -31.5781 1.12089 2.5
      vertex -31.5021 1.20208 0
      vertex -31.5021 1.20208 2.5
    endloop
  endfacet
  facet normal 0.730056 -0.683388 0
    outer loop
      vertex -31.5021 1.20208 0
      vertex -31.5781 1.12089 2.5
      vertex -31.5781 1.12089 0
    endloop
  endfacet
  facet normal -0.986529 -0.163584 0
    outer loop
      vertex -28.6145 0.221894 0
      vertex -28.6327 0.331653 2.5
      vertex -28.6327 0.331653 0
    endloop
  endfacet
  facet normal -0.986529 -0.163584 0
    outer loop
      vertex -28.6327 0.331653 2.5
      vertex -28.6145 0.221894 0
      vertex -28.6145 0.221894 2.5
    endloop
  endfacet
  facet normal 0.683582 0.729873 -0
    outer loop
      vertex -31.4209 -1.27813 0
      vertex -31.5021 -1.20208 2.5
      vertex -31.4209 -1.27813 2.5
    endloop
  endfacet
  facet normal 0.683582 0.729873 0
    outer loop
      vertex -31.5021 -1.20208 2.5
      vertex -31.4209 -1.27813 0
      vertex -31.5021 -1.20208 0
    endloop
  endfacet
  facet normal 0.0327163 -0.999465 0
    outer loop
      vertex -30.4112 1.69636 0
      vertex -30.3 1.7 2.5
      vertex -30.4112 1.69636 2.5
    endloop
  endfacet
  facet normal 0.0327163 -0.999465 0
    outer loop
      vertex -30.3 1.7 2.5
      vertex -30.4112 1.69636 0
      vertex -30.3 1.7 0
    endloop
  endfacet
  facet normal -0.812827 0.582504 0
    outer loop
      vertex -28.9513 -1.03489 0
      vertex -28.8865 -0.944468 2.5
      vertex -28.8865 -0.944468 0
    endloop
  endfacet
  facet normal -0.812827 0.582504 0
    outer loop
      vertex -28.8865 -0.944468 2.5
      vertex -28.9513 -1.03489 0
      vertex -28.9513 -1.03489 2.5
    endloop
  endfacet
  facet normal 0.527913 0.849298 -0
    outer loop
      vertex -31.15 -1.47224 0
      vertex -31.2445 -1.4135 2.5
      vertex -31.15 -1.47224 2.5
    endloop
  endfacet
  facet normal 0.527913 0.849298 0
    outer loop
      vertex -31.2445 -1.4135 2.5
      vertex -31.15 -1.47224 0
      vertex -31.2445 -1.4135 0
    endloop
  endfacet
  facet normal 0.162913 0.986641 -0
    outer loop
      vertex -30.5219 -1.68546 0
      vertex -30.6317 -1.66733 2.5
      vertex -30.5219 -1.68546 2.5
    endloop
  endfacet
  facet normal 0.162913 0.986641 0
    outer loop
      vertex -30.6317 -1.66733 2.5
      vertex -30.5219 -1.68546 0
      vertex -30.6317 -1.66733 0
    endloop
  endfacet
  facet normal 0.527913 -0.849298 0
    outer loop
      vertex -31.2445 1.4135 0
      vertex -31.15 1.47224 2.5
      vertex -31.2445 1.4135 2.5
    endloop
  endfacet
  facet normal 0.527913 -0.849298 0
    outer loop
      vertex -31.15 1.47224 2.5
      vertex -31.2445 1.4135 0
      vertex -31.15 1.47224 0
    endloop
  endfacet
  facet normal 0.772915 -0.634509 0
    outer loop
      vertex -31.6487 1.03489 2.5
      vertex -31.5781 1.12089 0
      vertex -31.5781 1.12089 2.5
    endloop
  endfacet
  facet normal 0.772915 -0.634509 0
    outer loop
      vertex -31.5781 1.12089 0
      vertex -31.6487 1.03489 2.5
      vertex -31.6487 1.03489 0
    endloop
  endfacet
  facet normal 0.849382 0.527779 0
    outer loop
      vertex -31.7135 -0.944468 2.5
      vertex -31.7722 -0.849999 0
      vertex -31.7722 -0.849999 2.5
    endloop
  endfacet
  facet normal 0.849382 0.527779 0
    outer loop
      vertex -31.7722 -0.849999 0
      vertex -31.7135 -0.944468 2.5
      vertex -31.7135 -0.944468 0
    endloop
  endfacet
  facet normal -0.634348 0.773047 0
    outer loop
      vertex -29.1791 -1.27813 0
      vertex -29.2651 -1.3487 2.5
      vertex -29.1791 -1.27813 2.5
    endloop
  endfacet
  facet normal -0.634348 0.773047 0
    outer loop
      vertex -29.2651 -1.3487 2.5
      vertex -29.1791 -1.27813 0
      vertex -29.2651 -1.3487 0
    endloop
  endfacet
  facet normal -0.910903 0.412621 0
    outer loop
      vertex -28.7753 -0.75189 0
      vertex -28.7294 -0.650561 2.5
      vertex -28.7294 -0.650561 0
    endloop
  endfacet
  facet normal -0.910903 0.412621 0
    outer loop
      vertex -28.7294 -0.650561 2.5
      vertex -28.7753 -0.75189 0
      vertex -28.7753 -0.75189 2.5
    endloop
  endfacet
  facet normal -0.935864 -0.352362 0
    outer loop
      vertex -28.6902 0.546447 0
      vertex -28.7294 0.650561 2.5
      vertex -28.7294 0.650561 0
    endloop
  endfacet
  facet normal -0.935864 -0.352362 0
    outer loop
      vertex -28.7294 0.650561 2.5
      vertex -28.6902 0.546447 0
      vertex -28.6902 0.546447 2.5
    endloop
  endfacet
  facet normal -0.0979904 -0.995187 0
    outer loop
      vertex -30.1888 1.69636 0
      vertex -30.0781 1.68546 2.5
      vertex -30.1888 1.69636 2.5
    endloop
  endfacet
  facet normal -0.0979904 -0.995187 -0
    outer loop
      vertex -30.0781 1.68546 2.5
      vertex -30.1888 1.69636 0
      vertex -30.0781 1.68546 0
    endloop
  endfacet
  facet normal -0.995188 0.0979826 0
    outer loop
      vertex -28.6145 -0.221894 0
      vertex -28.6036 -0.111185 2.5
      vertex -28.6036 -0.111185 0
    endloop
  endfacet
  facet normal -0.995188 0.0979826 0
    outer loop
      vertex -28.6036 -0.111185 2.5
      vertex -28.6145 -0.221894 0
      vertex -28.6145 -0.221894 2.5
    endloop
  endfacet
  facet normal -0.973998 -0.226555 0
    outer loop
      vertex -28.6327 0.331653 0
      vertex -28.6579 0.439992 2.5
      vertex -28.6579 0.439992 0
    endloop
  endfacet
  facet normal -0.973998 -0.226555 0
    outer loop
      vertex -28.6579 0.439992 2.5
      vertex -28.6327 0.331653 0
      vertex -28.6327 0.331653 2.5
    endloop
  endfacet
  facet normal -0.412793 0.910825 0
    outer loop
      vertex -29.5481 -1.52468 0
      vertex -29.6494 -1.57059 2.5
      vertex -29.5481 -1.52468 2.5
    endloop
  endfacet
  facet normal -0.412793 0.910825 0
    outer loop
      vertex -29.6494 -1.57059 2.5
      vertex -29.5481 -1.52468 0
      vertex -29.6494 -1.57059 0
    endloop
  endfacet
  facet normal -0.582598 0.81276 0
    outer loop
      vertex -29.2651 -1.3487 0
      vertex -29.3555 -1.4135 2.5
      vertex -29.2651 -1.3487 2.5
    endloop
  endfacet
  facet normal -0.582598 0.81276 0
    outer loop
      vertex -29.3555 -1.4135 2.5
      vertex -29.2651 -1.3487 0
      vertex -29.3555 -1.4135 0
    endloop
  endfacet
  facet normal 0.999476 -0.0323615 0
    outer loop
      vertex -32 0 2.5
      vertex -31.9964 0.111185 0
      vertex -31.9964 0.111185 2.5
    endloop
  endfacet
  facet normal 0.999476 -0.0323615 0
    outer loop
      vertex -31.9964 0.111185 0
      vertex -32 0 2.5
      vertex -32 0 0
    endloop
  endfacet
  facet normal -0.812827 -0.582504 0
    outer loop
      vertex -28.8865 0.944468 0
      vertex -28.9513 1.03489 2.5
      vertex -28.9513 1.03489 0
    endloop
  endfacet
  facet normal -0.812827 -0.582504 0
    outer loop
      vertex -28.9513 1.03489 2.5
      vertex -28.8865 0.944468 0
      vertex -28.8865 0.944468 2.5
    endloop
  endfacet
  facet normal 0.227144 0.973861 -0
    outer loop
      vertex -30.6317 -1.66733 0
      vertex -30.74 -1.64207 2.5
      vertex -30.6317 -1.66733 2.5
    endloop
  endfacet
  facet normal 0.227144 0.973861 0
    outer loop
      vertex -30.74 -1.64207 2.5
      vertex -30.6317 -1.66733 0
      vertex -30.74 -1.64207 0
    endloop
  endfacet
  facet normal 0.290399 -0.956906 0
    outer loop
      vertex -30.8464 1.60978 0
      vertex -30.74 1.64207 2.5
      vertex -30.8464 1.60978 2.5
    endloop
  endfacet
  facet normal 0.290399 -0.956906 0
    outer loop
      vertex -30.74 1.64207 2.5
      vertex -30.8464 1.60978 0
      vertex -30.74 1.64207 0
    endloop
  endfacet
  facet normal 0.162913 -0.986641 0
    outer loop
      vertex -30.6317 1.66733 0
      vertex -30.5219 1.68546 2.5
      vertex -30.6317 1.66733 2.5
    endloop
  endfacet
  facet normal 0.162913 -0.986641 0
    outer loop
      vertex -30.5219 1.68546 2.5
      vertex -30.6317 1.66733 0
      vertex -30.5219 1.68546 0
    endloop
  endfacet
  facet normal 0.812827 -0.582504 0
    outer loop
      vertex -31.7135 0.944468 2.5
      vertex -31.6487 1.03489 0
      vertex -31.6487 1.03489 2.5
    endloop
  endfacet
  facet normal 0.812827 -0.582504 0
    outer loop
      vertex -31.6487 1.03489 0
      vertex -31.7135 0.944468 2.5
      vertex -31.7135 0.944468 0
    endloop
  endfacet
  facet normal 0.634348 -0.773047 0
    outer loop
      vertex -31.4209 1.27813 0
      vertex -31.3349 1.3487 2.5
      vertex -31.4209 1.27813 2.5
    endloop
  endfacet
  facet normal 0.634348 -0.773047 0
    outer loop
      vertex -31.3349 1.3487 2.5
      vertex -31.4209 1.27813 0
      vertex -31.3349 1.3487 0
    endloop
  endfacet
  facet normal -0.683582 -0.729873 0
    outer loop
      vertex -29.1791 1.27813 0
      vertex -29.0979 1.20208 2.5
      vertex -29.1791 1.27813 2.5
    endloop
  endfacet
  facet normal -0.683582 -0.729873 -0
    outer loop
      vertex -29.0979 1.20208 2.5
      vertex -29.1791 1.27813 0
      vertex -29.0979 1.20208 0
    endloop
  endfacet
  facet normal 0.582598 0.81276 -0
    outer loop
      vertex -31.2445 -1.4135 0
      vertex -31.3349 -1.3487 2.5
      vertex -31.2445 -1.4135 2.5
    endloop
  endfacet
  facet normal 0.582598 0.81276 0
    outer loop
      vertex -31.3349 -1.3487 2.5
      vertex -31.2445 -1.4135 0
      vertex -31.3349 -1.3487 0
    endloop
  endfacet
  facet normal 0.995188 0.0979826 0
    outer loop
      vertex -31.9855 -0.221894 2.5
      vertex -31.9964 -0.111185 0
      vertex -31.9964 -0.111185 2.5
    endloop
  endfacet
  facet normal 0.995188 0.0979826 0
    outer loop
      vertex -31.9964 -0.111185 0
      vertex -31.9855 -0.221894 2.5
      vertex -31.9855 -0.221894 0
    endloop
  endfacet
  facet normal 0.986529 0.163584 0
    outer loop
      vertex -31.9673 -0.331653 2.5
      vertex -31.9855 -0.221894 0
      vertex -31.9855 -0.221894 2.5
    endloop
  endfacet
  facet normal 0.986529 0.163584 0
    outer loop
      vertex -31.9855 -0.221894 0
      vertex -31.9673 -0.331653 2.5
      vertex -31.9673 -0.331653 0
    endloop
  endfacet
  facet normal 0.0979904 0.995187 -0
    outer loop
      vertex -30.4112 -1.69636 0
      vertex -30.5219 -1.68546 2.5
      vertex -30.4112 -1.69636 2.5
    endloop
  endfacet
  facet normal 0.0979904 0.995187 0
    outer loop
      vertex -30.5219 -1.68546 2.5
      vertex -30.4112 -1.69636 0
      vertex -30.5219 -1.68546 0
    endloop
  endfacet
  facet normal -0.849382 0.527779 0
    outer loop
      vertex -28.8865 -0.944468 0
      vertex -28.8278 -0.849999 2.5
      vertex -28.8278 -0.849999 0
    endloop
  endfacet
  facet normal -0.849382 0.527779 0
    outer loop
      vertex -28.8278 -0.849999 2.5
      vertex -28.8865 -0.944468 0
      vertex -28.8865 -0.944468 2.5
    endloop
  endfacet
  facet normal -0.0979904 0.995187 0
    outer loop
      vertex -30.0781 -1.68546 0
      vertex -30.1888 -1.69636 2.5
      vertex -30.0781 -1.68546 2.5
    endloop
  endfacet
  facet normal -0.0979904 0.995187 0
    outer loop
      vertex -30.1888 -1.69636 2.5
      vertex -30.0781 -1.68546 0
      vertex -30.1888 -1.69636 0
    endloop
  endfacet
  facet normal -0.471428 0.881905 0
    outer loop
      vertex -29.45 -1.47224 0
      vertex -29.5481 -1.52468 2.5
      vertex -29.45 -1.47224 2.5
    endloop
  endfacet
  facet normal -0.471428 0.881905 0
    outer loop
      vertex -29.5481 -1.52468 2.5
      vertex -29.45 -1.47224 0
      vertex -29.5481 -1.52468 0
    endloop
  endfacet
  facet normal -0.973998 0.226555 0
    outer loop
      vertex -28.6579 -0.439992 0
      vertex -28.6327 -0.331653 2.5
      vertex -28.6327 -0.331653 0
    endloop
  endfacet
  facet normal -0.973998 0.226555 0
    outer loop
      vertex -28.6327 -0.331653 2.5
      vertex -28.6579 -0.439992 0
      vertex -28.6579 -0.439992 2.5
    endloop
  endfacet
  facet normal -0.986529 0.163584 0
    outer loop
      vertex -28.6327 -0.331653 0
      vertex -28.6145 -0.221894 2.5
      vertex -28.6145 -0.221894 0
    endloop
  endfacet
  facet normal -0.986529 0.163584 0
    outer loop
      vertex -28.6145 -0.221894 2.5
      vertex -28.6327 -0.331653 0
      vertex -28.6327 -0.331653 2.5
    endloop
  endfacet
  facet normal 0.935864 -0.352362 0
    outer loop
      vertex -31.9098 0.546447 2.5
      vertex -31.8706 0.650561 0
      vertex -31.8706 0.650561 2.5
    endloop
  endfacet
  facet normal 0.935864 -0.352362 0
    outer loop
      vertex -31.8706 0.650561 0
      vertex -31.9098 0.546447 2.5
      vertex -31.9098 0.546447 0
    endloop
  endfacet
  facet normal -0.352029 -0.935989 0
    outer loop
      vertex -29.7536 1.60978 0
      vertex -29.6494 1.57059 2.5
      vertex -29.7536 1.60978 2.5
    endloop
  endfacet
  facet normal -0.352029 -0.935989 -0
    outer loop
      vertex -29.6494 1.57059 2.5
      vertex -29.7536 1.60978 0
      vertex -29.6494 1.57059 0
    endloop
  endfacet
  facet normal -0.527913 0.849298 0
    outer loop
      vertex -29.3555 -1.4135 0
      vertex -29.45 -1.47224 2.5
      vertex -29.3555 -1.4135 2.5
    endloop
  endfacet
  facet normal -0.527913 0.849298 0
    outer loop
      vertex -29.45 -1.47224 2.5
      vertex -29.3555 -1.4135 0
      vertex -29.45 -1.47224 0
    endloop
  endfacet
  facet normal -0.290399 -0.956906 0
    outer loop
      vertex -29.86 1.64207 0
      vertex -29.7536 1.60978 2.5
      vertex -29.86 1.64207 2.5
    endloop
  endfacet
  facet normal -0.290399 -0.956906 -0
    outer loop
      vertex -29.7536 1.60978 2.5
      vertex -29.86 1.64207 0
      vertex -29.7536 1.60978 0
    endloop
  endfacet
  facet normal -0.527913 -0.849298 0
    outer loop
      vertex -29.45 1.47224 0
      vertex -29.3555 1.4135 2.5
      vertex -29.45 1.47224 2.5
    endloop
  endfacet
  facet normal -0.527913 -0.849298 -0
    outer loop
      vertex -29.3555 1.4135 2.5
      vertex -29.45 1.47224 0
      vertex -29.3555 1.4135 0
    endloop
  endfacet
  facet normal 0.471428 -0.881905 0
    outer loop
      vertex -31.15 1.47224 0
      vertex -31.0519 1.52468 2.5
      vertex -31.15 1.47224 2.5
    endloop
  endfacet
  facet normal 0.471428 -0.881905 0
    outer loop
      vertex -31.0519 1.52468 2.5
      vertex -31.15 1.47224 0
      vertex -31.0519 1.52468 0
    endloop
  endfacet
  facet normal 0.412793 0.910825 -0
    outer loop
      vertex -30.9506 -1.57059 0
      vertex -31.0519 -1.52468 2.5
      vertex -30.9506 -1.57059 2.5
    endloop
  endfacet
  facet normal 0.412793 0.910825 0
    outer loop
      vertex -31.0519 -1.52468 2.5
      vertex -30.9506 -1.57059 0
      vertex -31.0519 -1.52468 0
    endloop
  endfacet
  facet normal 0.290399 0.956906 -0
    outer loop
      vertex -30.74 -1.64207 0
      vertex -30.8464 -1.60978 2.5
      vertex -30.74 -1.64207 2.5
    endloop
  endfacet
  facet normal 0.290399 0.956906 0
    outer loop
      vertex -30.8464 -1.60978 2.5
      vertex -30.74 -1.64207 0
      vertex -30.8464 -1.60978 0
    endloop
  endfacet
  facet normal 0.812827 0.582504 0
    outer loop
      vertex -31.6487 -1.03489 2.5
      vertex -31.7135 -0.944468 0
      vertex -31.7135 -0.944468 2.5
    endloop
  endfacet
  facet normal 0.812827 0.582504 0
    outer loop
      vertex -31.7135 -0.944468 0
      vertex -31.6487 -1.03489 2.5
      vertex -31.6487 -1.03489 0
    endloop
  endfacet
  facet normal 0.910903 -0.412621 0
    outer loop
      vertex -31.8706 0.650561 2.5
      vertex -31.8247 0.75189 0
      vertex -31.8247 0.75189 2.5
    endloop
  endfacet
  facet normal 0.910903 -0.412621 0
    outer loop
      vertex -31.8247 0.75189 0
      vertex -31.8706 0.650561 2.5
      vertex -31.8706 0.650561 0
    endloop
  endfacet
  facet normal -0.881698 0.471814 0
    outer loop
      vertex -28.8278 -0.849999 0
      vertex -28.7753 -0.75189 2.5
      vertex -28.7753 -0.75189 0
    endloop
  endfacet
  facet normal -0.881698 0.471814 0
    outer loop
      vertex -28.7753 -0.75189 2.5
      vertex -28.8278 -0.849999 0
      vertex -28.8278 -0.849999 2.5
    endloop
  endfacet
  facet normal -0.290399 0.956906 0
    outer loop
      vertex -29.7536 -1.60978 0
      vertex -29.86 -1.64207 2.5
      vertex -29.7536 -1.60978 2.5
    endloop
  endfacet
  facet normal -0.290399 0.956906 0
    outer loop
      vertex -29.86 -1.64207 2.5
      vertex -29.7536 -1.60978 0
      vertex -29.86 -1.64207 0
    endloop
  endfacet
  facet normal -0.683582 0.729873 0
    outer loop
      vertex -29.0979 -1.20208 0
      vertex -29.1791 -1.27813 2.5
      vertex -29.0979 -1.20208 2.5
    endloop
  endfacet
  facet normal -0.683582 0.729873 0
    outer loop
      vertex -29.1791 -1.27813 2.5
      vertex -29.0979 -1.20208 0
      vertex -29.1791 -1.27813 0
    endloop
  endfacet
  facet normal 0.849382 -0.527779 0
    outer loop
      vertex -31.7722 0.849999 2.5
      vertex -31.7135 0.944468 0
      vertex -31.7135 0.944468 2.5
    endloop
  endfacet
  facet normal 0.849382 -0.527779 0
    outer loop
      vertex -31.7135 0.944468 0
      vertex -31.7722 0.849999 2.5
      vertex -31.7722 0.849999 0
    endloop
  endfacet
  facet normal -0.986529 -0.163584 0
    outer loop
      vertex 31.9855 0.221894 0
      vertex 31.9673 0.331653 2.5
      vertex 31.9673 0.331653 0
    endloop
  endfacet
  facet normal -0.986529 -0.163584 0
    outer loop
      vertex 31.9673 0.331653 2.5
      vertex 31.9855 0.221894 0
      vertex 31.9855 0.221894 2.5
    endloop
  endfacet
  facet normal 0.995188 -0.0979826 0
    outer loop
      vertex 28.6036 0.111185 2.5
      vertex 28.6145 0.221894 0
      vertex 28.6145 0.221894 2.5
    endloop
  endfacet
  facet normal 0.995188 -0.0979826 0
    outer loop
      vertex 28.6145 0.221894 0
      vertex 28.6036 0.111185 2.5
      vertex 28.6036 0.111185 0
    endloop
  endfacet
  facet normal -0.849382 -0.527779 0
    outer loop
      vertex 31.7722 0.849999 0
      vertex 31.7135 0.944468 2.5
      vertex 31.7135 0.944468 0
    endloop
  endfacet
  facet normal -0.849382 -0.527779 0
    outer loop
      vertex 31.7135 0.944468 2.5
      vertex 31.7722 0.849999 0
      vertex 31.7722 0.849999 2.5
    endloop
  endfacet
  facet normal -0.956922 -0.290344 0
    outer loop
      vertex 31.9421 0.439992 0
      vertex 31.9098 0.546447 2.5
      vertex 31.9098 0.546447 0
    endloop
  endfacet
  facet normal -0.956922 -0.290344 0
    outer loop
      vertex 31.9098 0.546447 2.5
      vertex 31.9421 0.439992 0
      vertex 31.9421 0.439992 2.5
    endloop
  endfacet
  facet normal 0.527913 0.849298 -0
    outer loop
      vertex 29.45 -1.47224 0
      vertex 29.3555 -1.4135 2.5
      vertex 29.45 -1.47224 2.5
    endloop
  endfacet
  facet normal 0.527913 0.849298 0
    outer loop
      vertex 29.3555 -1.4135 2.5
      vertex 29.45 -1.47224 0
      vertex 29.3555 -1.4135 0
    endloop
  endfacet
  facet normal -0.162913 -0.986641 0
    outer loop
      vertex 30.5219 1.68546 0
      vertex 30.6317 1.66733 2.5
      vertex 30.5219 1.68546 2.5
    endloop
  endfacet
  facet normal -0.162913 -0.986641 -0
    outer loop
      vertex 30.6317 1.66733 2.5
      vertex 30.5219 1.68546 0
      vertex 30.6317 1.66733 0
    endloop
  endfacet
  facet normal -0.527913 -0.849298 0
    outer loop
      vertex 31.15 1.47224 0
      vertex 31.2445 1.4135 2.5
      vertex 31.15 1.47224 2.5
    endloop
  endfacet
  facet normal -0.527913 -0.849298 -0
    outer loop
      vertex 31.2445 1.4135 2.5
      vertex 31.15 1.47224 0
      vertex 31.2445 1.4135 0
    endloop
  endfacet
  facet normal 0.634348 -0.773047 0
    outer loop
      vertex 29.1791 1.27813 0
      vertex 29.2651 1.3487 2.5
      vertex 29.1791 1.27813 2.5
    endloop
  endfacet
  facet normal 0.634348 -0.773047 0
    outer loop
      vertex 29.2651 1.3487 2.5
      vertex 29.1791 1.27813 0
      vertex 29.2651 1.3487 0
    endloop
  endfacet
  facet normal 0.956922 -0.290344 0
    outer loop
      vertex 28.6579 0.439992 2.5
      vertex 28.6902 0.546447 0
      vertex 28.6902 0.546447 2.5
    endloop
  endfacet
  facet normal 0.956922 -0.290344 0
    outer loop
      vertex 28.6902 0.546447 0
      vertex 28.6579 0.439992 2.5
      vertex 28.6579 0.439992 0
    endloop
  endfacet
  facet normal -0.634348 -0.773047 0
    outer loop
      vertex 31.3349 1.3487 0
      vertex 31.4209 1.27813 2.5
      vertex 31.3349 1.3487 2.5
    endloop
  endfacet
  facet normal -0.634348 -0.773047 -0
    outer loop
      vertex 31.4209 1.27813 2.5
      vertex 31.3349 1.3487 0
      vertex 31.4209 1.27813 0
    endloop
  endfacet
  facet normal -0.412793 -0.910825 0
    outer loop
      vertex 30.9506 1.57059 0
      vertex 31.0519 1.52468 2.5
      vertex 30.9506 1.57059 2.5
    endloop
  endfacet
  facet normal -0.412793 -0.910825 -0
    outer loop
      vertex 31.0519 1.52468 2.5
      vertex 30.9506 1.57059 0
      vertex 31.0519 1.52468 0
    endloop
  endfacet
  facet normal -0.986529 0.163584 0
    outer loop
      vertex 31.9673 -0.331653 0
      vertex 31.9855 -0.221894 2.5
      vertex 31.9855 -0.221894 0
    endloop
  endfacet
  facet normal -0.986529 0.163584 0
    outer loop
      vertex 31.9855 -0.221894 2.5
      vertex 31.9673 -0.331653 0
      vertex 31.9673 -0.331653 2.5
    endloop
  endfacet
  facet normal 0.910903 -0.412621 0
    outer loop
      vertex 28.7294 0.650561 2.5
      vertex 28.7753 0.75189 0
      vertex 28.7753 0.75189 2.5
    endloop
  endfacet
  facet normal 0.910903 -0.412621 0
    outer loop
      vertex 28.7753 0.75189 0
      vertex 28.7294 0.650561 2.5
      vertex 28.7294 0.650561 0
    endloop
  endfacet
  facet normal -0.999476 -0.0323615 0
    outer loop
      vertex 32 0 0
      vertex 31.9964 0.111185 2.5
      vertex 31.9964 0.111185 0
    endloop
  endfacet
  facet normal -0.999476 -0.0323615 0
    outer loop
      vertex 31.9964 0.111185 2.5
      vertex 32 0 0
      vertex 32 0 2.5
    endloop
  endfacet
  facet normal -0.973998 -0.226555 0
    outer loop
      vertex 31.9673 0.331653 0
      vertex 31.9421 0.439992 2.5
      vertex 31.9421 0.439992 0
    endloop
  endfacet
  facet normal -0.973998 -0.226555 0
    outer loop
      vertex 31.9421 0.439992 2.5
      vertex 31.9673 0.331653 0
      vertex 31.9673 0.331653 2.5
    endloop
  endfacet
  facet normal -0.995188 -0.0979826 0
    outer loop
      vertex 31.9964 0.111185 0
      vertex 31.9855 0.221894 2.5
      vertex 31.9855 0.221894 0
    endloop
  endfacet
  facet normal -0.995188 -0.0979826 0
    outer loop
      vertex 31.9855 0.221894 2.5
      vertex 31.9964 0.111185 0
      vertex 31.9964 0.111185 2.5
    endloop
  endfacet
  facet normal 0.162913 0.986641 -0
    outer loop
      vertex 30.0781 -1.68546 0
      vertex 29.9683 -1.66733 2.5
      vertex 30.0781 -1.68546 2.5
    endloop
  endfacet
  facet normal 0.162913 0.986641 0
    outer loop
      vertex 29.9683 -1.66733 2.5
      vertex 30.0781 -1.68546 0
      vertex 29.9683 -1.66733 0
    endloop
  endfacet
  facet normal 0.527913 -0.849298 0
    outer loop
      vertex 29.3555 1.4135 0
      vertex 29.45 1.47224 2.5
      vertex 29.3555 1.4135 2.5
    endloop
  endfacet
  facet normal 0.527913 -0.849298 0
    outer loop
      vertex 29.45 1.47224 2.5
      vertex 29.3555 1.4135 0
      vertex 29.45 1.47224 0
    endloop
  endfacet
  facet normal 0.935864 0.352362 0
    outer loop
      vertex 28.7294 -0.650561 2.5
      vertex 28.6902 -0.546447 0
      vertex 28.6902 -0.546447 2.5
    endloop
  endfacet
  facet normal 0.935864 0.352362 0
    outer loop
      vertex 28.6902 -0.546447 0
      vertex 28.7294 -0.650561 2.5
      vertex 28.7294 -0.650561 0
    endloop
  endfacet
  facet normal 0.881698 0.471814 0
    outer loop
      vertex 28.8278 -0.849999 2.5
      vertex 28.7753 -0.75189 0
      vertex 28.7753 -0.75189 2.5
    endloop
  endfacet
  facet normal 0.881698 0.471814 0
    outer loop
      vertex 28.7753 -0.75189 0
      vertex 28.8278 -0.849999 2.5
      vertex 28.8278 -0.849999 0
    endloop
  endfacet
  facet normal -0.290399 -0.956906 0
    outer loop
      vertex 30.74 1.64207 0
      vertex 30.8464 1.60978 2.5
      vertex 30.74 1.64207 2.5
    endloop
  endfacet
  facet normal -0.290399 -0.956906 -0
    outer loop
      vertex 30.8464 1.60978 2.5
      vertex 30.74 1.64207 0
      vertex 30.8464 1.60978 0
    endloop
  endfacet
  facet normal -0.227144 -0.973861 0
    outer loop
      vertex 30.6317 1.66733 0
      vertex 30.74 1.64207 2.5
      vertex 30.6317 1.66733 2.5
    endloop
  endfacet
  facet normal -0.227144 -0.973861 -0
    outer loop
      vertex 30.74 1.64207 2.5
      vertex 30.6317 1.66733 0
      vertex 30.74 1.64207 0
    endloop
  endfacet
  facet normal -0.999476 0.0323615 0
    outer loop
      vertex 31.9964 -0.111185 0
      vertex 32 0 2.5
      vertex 32 0 0
    endloop
  endfacet
  facet normal -0.999476 0.0323615 0
    outer loop
      vertex 32 0 2.5
      vertex 31.9964 -0.111185 0
      vertex 31.9964 -0.111185 2.5
    endloop
  endfacet
  facet normal -0.956922 0.290344 0
    outer loop
      vertex 31.9098 -0.546447 0
      vertex 31.9421 -0.439992 2.5
      vertex 31.9421 -0.439992 0
    endloop
  endfacet
  facet normal -0.956922 0.290344 0
    outer loop
      vertex 31.9421 -0.439992 2.5
      vertex 31.9098 -0.546447 0
      vertex 31.9098 -0.546447 2.5
    endloop
  endfacet
  facet normal 0.730056 0.683388 0
    outer loop
      vertex 29.0979 -1.20208 2.5
      vertex 29.0219 -1.12089 0
      vertex 29.0219 -1.12089 2.5
    endloop
  endfacet
  facet normal 0.730056 0.683388 0
    outer loop
      vertex 29.0219 -1.12089 0
      vertex 29.0979 -1.20208 2.5
      vertex 29.0979 -1.20208 0
    endloop
  endfacet
  facet normal -0.935864 -0.352362 0
    outer loop
      vertex 31.9098 0.546447 0
      vertex 31.8706 0.650561 2.5
      vertex 31.8706 0.650561 0
    endloop
  endfacet
  facet normal -0.935864 -0.352362 0
    outer loop
      vertex 31.8706 0.650561 2.5
      vertex 31.9098 0.546447 0
      vertex 31.9098 0.546447 2.5
    endloop
  endfacet
  facet normal -0.412793 0.910825 0
    outer loop
      vertex 31.0519 -1.52468 0
      vertex 30.9506 -1.57059 2.5
      vertex 31.0519 -1.52468 2.5
    endloop
  endfacet
  facet normal -0.412793 0.910825 0
    outer loop
      vertex 30.9506 -1.57059 2.5
      vertex 31.0519 -1.52468 0
      vertex 30.9506 -1.57059 0
    endloop
  endfacet
  facet normal -0.730056 0.683388 0
    outer loop
      vertex 31.5021 -1.20208 0
      vertex 31.5781 -1.12089 2.5
      vertex 31.5781 -1.12089 0
    endloop
  endfacet
  facet normal -0.730056 0.683388 0
    outer loop
      vertex 31.5781 -1.12089 2.5
      vertex 31.5021 -1.20208 0
      vertex 31.5021 -1.20208 2.5
    endloop
  endfacet
  facet normal 0.0327163 0.999465 -0
    outer loop
      vertex 30.3 -1.7 0
      vertex 30.1888 -1.69636 2.5
      vertex 30.3 -1.7 2.5
    endloop
  endfacet
  facet normal 0.0327163 0.999465 0
    outer loop
      vertex 30.1888 -1.69636 2.5
      vertex 30.3 -1.7 0
      vertex 30.1888 -1.69636 0
    endloop
  endfacet
  facet normal -0.973998 0.226555 0
    outer loop
      vertex 31.9421 -0.439992 0
      vertex 31.9673 -0.331653 2.5
      vertex 31.9673 -0.331653 0
    endloop
  endfacet
  facet normal -0.973998 0.226555 0
    outer loop
      vertex 31.9673 -0.331653 2.5
      vertex 31.9421 -0.439992 0
      vertex 31.9421 -0.439992 2.5
    endloop
  endfacet
  facet normal -0.0979904 0.995187 0
    outer loop
      vertex 30.5219 -1.68546 0
      vertex 30.4112 -1.69636 2.5
      vertex 30.5219 -1.68546 2.5
    endloop
  endfacet
  facet normal -0.0979904 0.995187 0
    outer loop
      vertex 30.4112 -1.69636 2.5
      vertex 30.5219 -1.68546 0
      vertex 30.4112 -1.69636 0
    endloop
  endfacet
  facet normal 0.973998 0.226555 0
    outer loop
      vertex 28.6579 -0.439992 2.5
      vertex 28.6327 -0.331653 0
      vertex 28.6327 -0.331653 2.5
    endloop
  endfacet
  facet normal 0.973998 0.226555 0
    outer loop
      vertex 28.6327 -0.331653 0
      vertex 28.6579 -0.439992 2.5
      vertex 28.6579 -0.439992 0
    endloop
  endfacet
  facet normal 0.227144 -0.973861 0
    outer loop
      vertex 29.86 1.64207 0
      vertex 29.9683 1.66733 2.5
      vertex 29.86 1.64207 2.5
    endloop
  endfacet
  facet normal 0.227144 -0.973861 0
    outer loop
      vertex 29.9683 1.66733 2.5
      vertex 29.86 1.64207 0
      vertex 29.9683 1.66733 0
    endloop
  endfacet
  facet normal 0.999476 0.0323615 0
    outer loop
      vertex 28.6036 -0.111185 2.5
      vertex 28.6 0 0
      vertex 28.6 0 2.5
    endloop
  endfacet
  facet normal 0.999476 0.0323615 0
    outer loop
      vertex 28.6 0 0
      vertex 28.6036 -0.111185 2.5
      vertex 28.6036 -0.111185 0
    endloop
  endfacet
  facet normal 0.290399 0.956906 -0
    outer loop
      vertex 29.86 -1.64207 0
      vertex 29.7536 -1.60978 2.5
      vertex 29.86 -1.64207 2.5
    endloop
  endfacet
  facet normal 0.290399 0.956906 0
    outer loop
      vertex 29.7536 -1.60978 2.5
      vertex 29.86 -1.64207 0
      vertex 29.7536 -1.60978 0
    endloop
  endfacet
  facet normal 0.412793 -0.910825 0
    outer loop
      vertex 29.5481 1.52468 0
      vertex 29.6494 1.57059 2.5
      vertex 29.5481 1.52468 2.5
    endloop
  endfacet
  facet normal 0.412793 -0.910825 0
    outer loop
      vertex 29.6494 1.57059 2.5
      vertex 29.5481 1.52468 0
      vertex 29.6494 1.57059 0
    endloop
  endfacet
  facet normal 0.227144 0.973861 -0
    outer loop
      vertex 29.9683 -1.66733 0
      vertex 29.86 -1.64207 2.5
      vertex 29.9683 -1.66733 2.5
    endloop
  endfacet
  facet normal 0.227144 0.973861 0
    outer loop
      vertex 29.86 -1.64207 2.5
      vertex 29.9683 -1.66733 0
      vertex 29.86 -1.64207 0
    endloop
  endfacet
  facet normal 0.683582 -0.729873 0
    outer loop
      vertex 29.0979 1.20208 0
      vertex 29.1791 1.27813 2.5
      vertex 29.0979 1.20208 2.5
    endloop
  endfacet
  facet normal 0.683582 -0.729873 0
    outer loop
      vertex 29.1791 1.27813 2.5
      vertex 29.0979 1.20208 0
      vertex 29.1791 1.27813 0
    endloop
  endfacet
  facet normal -0.527913 0.849298 0
    outer loop
      vertex 31.2445 -1.4135 0
      vertex 31.15 -1.47224 2.5
      vertex 31.2445 -1.4135 2.5
    endloop
  endfacet
  facet normal -0.527913 0.849298 0
    outer loop
      vertex 31.15 -1.47224 2.5
      vertex 31.2445 -1.4135 0
      vertex 31.15 -1.47224 0
    endloop
  endfacet
  facet normal -0.812827 0.582504 0
    outer loop
      vertex 31.6487 -1.03489 0
      vertex 31.7135 -0.944468 2.5
      vertex 31.7135 -0.944468 0
    endloop
  endfacet
  facet normal -0.812827 0.582504 0
    outer loop
      vertex 31.7135 -0.944468 2.5
      vertex 31.6487 -1.03489 0
      vertex 31.6487 -1.03489 2.5
    endloop
  endfacet
  facet normal 0.730056 -0.683388 0
    outer loop
      vertex 29.0219 1.12089 2.5
      vertex 29.0979 1.20208 0
      vertex 29.0979 1.20208 2.5
    endloop
  endfacet
  facet normal 0.730056 -0.683388 0
    outer loop
      vertex 29.0979 1.20208 0
      vertex 29.0219 1.12089 2.5
      vertex 29.0219 1.12089 0
    endloop
  endfacet
  facet normal -0.910903 -0.412621 0
    outer loop
      vertex 31.8706 0.650561 0
      vertex 31.8247 0.75189 2.5
      vertex 31.8247 0.75189 0
    endloop
  endfacet
  facet normal -0.910903 -0.412621 0
    outer loop
      vertex 31.8247 0.75189 2.5
      vertex 31.8706 0.650561 0
      vertex 31.8706 0.650561 2.5
    endloop
  endfacet
  facet normal 0.162913 -0.986641 0
    outer loop
      vertex 29.9683 1.66733 0
      vertex 30.0781 1.68546 2.5
      vertex 29.9683 1.66733 2.5
    endloop
  endfacet
  facet normal 0.162913 -0.986641 0
    outer loop
      vertex 30.0781 1.68546 2.5
      vertex 29.9683 1.66733 0
      vertex 30.0781 1.68546 0
    endloop
  endfacet
  facet normal -0.812827 -0.582504 0
    outer loop
      vertex 31.7135 0.944468 0
      vertex 31.6487 1.03489 2.5
      vertex 31.6487 1.03489 0
    endloop
  endfacet
  facet normal -0.812827 -0.582504 0
    outer loop
      vertex 31.6487 1.03489 2.5
      vertex 31.7135 0.944468 0
      vertex 31.7135 0.944468 2.5
    endloop
  endfacet
  facet normal 0.634348 0.773047 -0
    outer loop
      vertex 29.2651 -1.3487 0
      vertex 29.1791 -1.27813 2.5
      vertex 29.2651 -1.3487 2.5
    endloop
  endfacet
  facet normal 0.634348 0.773047 0
    outer loop
      vertex 29.1791 -1.27813 2.5
      vertex 29.2651 -1.3487 0
      vertex 29.1791 -1.27813 0
    endloop
  endfacet
  facet normal -0.0327163 0.999465 0
    outer loop
      vertex 30.4112 -1.69636 0
      vertex 30.3 -1.7 2.5
      vertex 30.4112 -1.69636 2.5
    endloop
  endfacet
  facet normal -0.0327163 0.999465 0
    outer loop
      vertex 30.3 -1.7 2.5
      vertex 30.4112 -1.69636 0
      vertex 30.3 -1.7 0
    endloop
  endfacet
  facet normal 0.352029 -0.935989 0
    outer loop
      vertex 29.6494 1.57059 0
      vertex 29.7536 1.60978 2.5
      vertex 29.6494 1.57059 2.5
    endloop
  endfacet
  facet normal 0.352029 -0.935989 0
    outer loop
      vertex 29.7536 1.60978 2.5
      vertex 29.6494 1.57059 0
      vertex 29.7536 1.60978 0
    endloop
  endfacet
  facet normal 0.935864 -0.352362 0
    outer loop
      vertex 28.6902 0.546447 2.5
      vertex 28.7294 0.650561 0
      vertex 28.7294 0.650561 2.5
    endloop
  endfacet
  facet normal 0.935864 -0.352362 0
    outer loop
      vertex 28.7294 0.650561 0
      vertex 28.6902 0.546447 2.5
      vertex 28.6902 0.546447 0
    endloop
  endfacet
  facet normal -0.881698 0.471814 0
    outer loop
      vertex 31.7722 -0.849999 0
      vertex 31.8247 -0.75189 2.5
      vertex 31.8247 -0.75189 0
    endloop
  endfacet
  facet normal -0.881698 0.471814 0
    outer loop
      vertex 31.8247 -0.75189 2.5
      vertex 31.7722 -0.849999 0
      vertex 31.7722 -0.849999 2.5
    endloop
  endfacet
  facet normal 0.582598 0.81276 -0
    outer loop
      vertex 29.3555 -1.4135 0
      vertex 29.2651 -1.3487 2.5
      vertex 29.3555 -1.4135 2.5
    endloop
  endfacet
  facet normal 0.582598 0.81276 0
    outer loop
      vertex 29.2651 -1.3487 2.5
      vertex 29.3555 -1.4135 0
      vertex 29.2651 -1.3487 0
    endloop
  endfacet
  facet normal 0.956922 0.290344 0
    outer loop
      vertex 28.6902 -0.546447 2.5
      vertex 28.6579 -0.439992 0
      vertex 28.6579 -0.439992 2.5
    endloop
  endfacet
  facet normal 0.956922 0.290344 0
    outer loop
      vertex 28.6579 -0.439992 0
      vertex 28.6902 -0.546447 2.5
      vertex 28.6902 -0.546447 0
    endloop
  endfacet
  facet normal -0.772915 -0.634509 0
    outer loop
      vertex 31.6487 1.03489 0
      vertex 31.5781 1.12089 2.5
      vertex 31.5781 1.12089 0
    endloop
  endfacet
  facet normal -0.772915 -0.634509 0
    outer loop
      vertex 31.5781 1.12089 2.5
      vertex 31.6487 1.03489 0
      vertex 31.6487 1.03489 2.5
    endloop
  endfacet
  facet normal -0.0327163 -0.999465 0
    outer loop
      vertex 30.3 1.7 0
      vertex 30.4112 1.69636 2.5
      vertex 30.3 1.7 2.5
    endloop
  endfacet
  facet normal -0.0327163 -0.999465 -0
    outer loop
      vertex 30.4112 1.69636 2.5
      vertex 30.3 1.7 0
      vertex 30.4112 1.69636 0
    endloop
  endfacet
  facet normal -0.683582 -0.729873 0
    outer loop
      vertex 31.4209 1.27813 0
      vertex 31.5021 1.20208 2.5
      vertex 31.4209 1.27813 2.5
    endloop
  endfacet
  facet normal -0.683582 -0.729873 -0
    outer loop
      vertex 31.5021 1.20208 2.5
      vertex 31.4209 1.27813 0
      vertex 31.5021 1.20208 0
    endloop
  endfacet
  facet normal -0.471428 0.881905 0
    outer loop
      vertex 31.15 -1.47224 0
      vertex 31.0519 -1.52468 2.5
      vertex 31.15 -1.47224 2.5
    endloop
  endfacet
  facet normal -0.471428 0.881905 0
    outer loop
      vertex 31.0519 -1.52468 2.5
      vertex 31.15 -1.47224 0
      vertex 31.0519 -1.52468 0
    endloop
  endfacet
  facet normal -0.582598 -0.81276 0
    outer loop
      vertex 31.2445 1.4135 0
      vertex 31.3349 1.3487 2.5
      vertex 31.2445 1.4135 2.5
    endloop
  endfacet
  facet normal -0.582598 -0.81276 -0
    outer loop
      vertex 31.3349 1.3487 2.5
      vertex 31.2445 1.4135 0
      vertex 31.3349 1.3487 0
    endloop
  endfacet
  facet normal 0.986529 0.163584 0
    outer loop
      vertex 28.6327 -0.331653 2.5
      vertex 28.6145 -0.221894 0
      vertex 28.6145 -0.221894 2.5
    endloop
  endfacet
  facet normal 0.986529 0.163584 0
    outer loop
      vertex 28.6145 -0.221894 0
      vertex 28.6327 -0.331653 2.5
      vertex 28.6327 -0.331653 0
    endloop
  endfacet
  facet normal 0.0327163 -0.999465 0
    outer loop
      vertex 30.1888 1.69636 0
      vertex 30.3 1.7 2.5
      vertex 30.1888 1.69636 2.5
    endloop
  endfacet
  facet normal 0.0327163 -0.999465 0
    outer loop
      vertex 30.3 1.7 2.5
      vertex 30.1888 1.69636 0
      vertex 30.3 1.7 0
    endloop
  endfacet
  facet normal 0.471428 -0.881905 0
    outer loop
      vertex 29.45 1.47224 0
      vertex 29.5481 1.52468 2.5
      vertex 29.45 1.47224 2.5
    endloop
  endfacet
  facet normal 0.471428 -0.881905 0
    outer loop
      vertex 29.5481 1.52468 2.5
      vertex 29.45 1.47224 0
      vertex 29.5481 1.52468 0
    endloop
  endfacet
  facet normal 0.290399 -0.956906 0
    outer loop
      vertex 29.7536 1.60978 0
      vertex 29.86 1.64207 2.5
      vertex 29.7536 1.60978 2.5
    endloop
  endfacet
  facet normal 0.290399 -0.956906 0
    outer loop
      vertex 29.86 1.64207 2.5
      vertex 29.7536 1.60978 0
      vertex 29.86 1.64207 0
    endloop
  endfacet
  facet normal 0.412793 0.910825 -0
    outer loop
      vertex 29.6494 -1.57059 0
      vertex 29.5481 -1.52468 2.5
      vertex 29.6494 -1.57059 2.5
    endloop
  endfacet
  facet normal 0.412793 0.910825 0
    outer loop
      vertex 29.5481 -1.52468 2.5
      vertex 29.6494 -1.57059 0
      vertex 29.5481 -1.52468 0
    endloop
  endfacet
  facet normal -0.910903 0.412621 0
    outer loop
      vertex 31.8247 -0.75189 0
      vertex 31.8706 -0.650561 2.5
      vertex 31.8706 -0.650561 0
    endloop
  endfacet
  facet normal -0.910903 0.412621 0
    outer loop
      vertex 31.8706 -0.650561 2.5
      vertex 31.8247 -0.75189 0
      vertex 31.8247 -0.75189 2.5
    endloop
  endfacet
  facet normal -0.935864 0.352362 0
    outer loop
      vertex 31.8706 -0.650561 0
      vertex 31.9098 -0.546447 2.5
      vertex 31.9098 -0.546447 0
    endloop
  endfacet
  facet normal -0.935864 0.352362 0
    outer loop
      vertex 31.9098 -0.546447 2.5
      vertex 31.8706 -0.650561 0
      vertex 31.8706 -0.650561 2.5
    endloop
  endfacet
  facet normal -0.849382 0.527779 0
    outer loop
      vertex 31.7135 -0.944468 0
      vertex 31.7722 -0.849999 2.5
      vertex 31.7722 -0.849999 0
    endloop
  endfacet
  facet normal -0.849382 0.527779 0
    outer loop
      vertex 31.7722 -0.849999 2.5
      vertex 31.7135 -0.944468 0
      vertex 31.7135 -0.944468 2.5
    endloop
  endfacet
  facet normal -0.772915 0.634509 0
    outer loop
      vertex 31.5781 -1.12089 0
      vertex 31.6487 -1.03489 2.5
      vertex 31.6487 -1.03489 0
    endloop
  endfacet
  facet normal -0.772915 0.634509 0
    outer loop
      vertex 31.6487 -1.03489 2.5
      vertex 31.5781 -1.12089 0
      vertex 31.5781 -1.12089 2.5
    endloop
  endfacet
  facet normal -0.352029 0.935989 0
    outer loop
      vertex 30.9506 -1.57059 0
      vertex 30.8464 -1.60978 2.5
      vertex 30.9506 -1.57059 2.5
    endloop
  endfacet
  facet normal -0.352029 0.935989 0
    outer loop
      vertex 30.8464 -1.60978 2.5
      vertex 30.9506 -1.57059 0
      vertex 30.8464 -1.60978 0
    endloop
  endfacet
  facet normal -0.227144 0.973861 0
    outer loop
      vertex 30.74 -1.64207 0
      vertex 30.6317 -1.66733 2.5
      vertex 30.74 -1.64207 2.5
    endloop
  endfacet
  facet normal -0.227144 0.973861 0
    outer loop
      vertex 30.6317 -1.66733 2.5
      vertex 30.74 -1.64207 0
      vertex 30.6317 -1.66733 0
    endloop
  endfacet
  facet normal -0.995188 0.0979826 0
    outer loop
      vertex 31.9855 -0.221894 0
      vertex 31.9964 -0.111185 2.5
      vertex 31.9964 -0.111185 0
    endloop
  endfacet
  facet normal -0.995188 0.0979826 0
    outer loop
      vertex 31.9964 -0.111185 2.5
      vertex 31.9855 -0.221894 0
      vertex 31.9855 -0.221894 2.5
    endloop
  endfacet
  facet normal 0.849382 0.527779 0
    outer loop
      vertex 28.8865 -0.944468 2.5
      vertex 28.8278 -0.849999 0
      vertex 28.8278 -0.849999 2.5
    endloop
  endfacet
  facet normal 0.849382 0.527779 0
    outer loop
      vertex 28.8278 -0.849999 0
      vertex 28.8865 -0.944468 2.5
      vertex 28.8865 -0.944468 0
    endloop
  endfacet
  facet normal 0.881698 -0.471814 0
    outer loop
      vertex 28.7753 0.75189 2.5
      vertex 28.8278 0.849999 0
      vertex 28.8278 0.849999 2.5
    endloop
  endfacet
  facet normal 0.881698 -0.471814 0
    outer loop
      vertex 28.8278 0.849999 0
      vertex 28.7753 0.75189 2.5
      vertex 28.7753 0.75189 0
    endloop
  endfacet
  facet normal 0.772915 0.634509 0
    outer loop
      vertex 29.0219 -1.12089 2.5
      vertex 28.9513 -1.03489 0
      vertex 28.9513 -1.03489 2.5
    endloop
  endfacet
  facet normal 0.772915 0.634509 0
    outer loop
      vertex 28.9513 -1.03489 0
      vertex 29.0219 -1.12089 2.5
      vertex 29.0219 -1.12089 0
    endloop
  endfacet
  facet normal 0.772915 -0.634509 0
    outer loop
      vertex 28.9513 1.03489 2.5
      vertex 29.0219 1.12089 0
      vertex 29.0219 1.12089 2.5
    endloop
  endfacet
  facet normal 0.772915 -0.634509 0
    outer loop
      vertex 29.0219 1.12089 0
      vertex 28.9513 1.03489 2.5
      vertex 28.9513 1.03489 0
    endloop
  endfacet
  facet normal 0.849382 -0.527779 0
    outer loop
      vertex 28.8278 0.849999 2.5
      vertex 28.8865 0.944468 0
      vertex 28.8865 0.944468 2.5
    endloop
  endfacet
  facet normal 0.849382 -0.527779 0
    outer loop
      vertex 28.8865 0.944468 0
      vertex 28.8278 0.849999 2.5
      vertex 28.8278 0.849999 0
    endloop
  endfacet
  facet normal -0.881698 -0.471814 0
    outer loop
      vertex 31.8247 0.75189 0
      vertex 31.7722 0.849999 2.5
      vertex 31.7722 0.849999 0
    endloop
  endfacet
  facet normal -0.881698 -0.471814 0
    outer loop
      vertex 31.7722 0.849999 2.5
      vertex 31.8247 0.75189 0
      vertex 31.8247 0.75189 2.5
    endloop
  endfacet
  facet normal 0.973998 -0.226555 0
    outer loop
      vertex 28.6327 0.331653 2.5
      vertex 28.6579 0.439992 0
      vertex 28.6579 0.439992 2.5
    endloop
  endfacet
  facet normal 0.973998 -0.226555 0
    outer loop
      vertex 28.6579 0.439992 0
      vertex 28.6327 0.331653 2.5
      vertex 28.6327 0.331653 0
    endloop
  endfacet
  facet normal 0.352029 0.935989 -0
    outer loop
      vertex 29.7536 -1.60978 0
      vertex 29.6494 -1.57059 2.5
      vertex 29.7536 -1.60978 2.5
    endloop
  endfacet
  facet normal 0.352029 0.935989 0
    outer loop
      vertex 29.6494 -1.57059 2.5
      vertex 29.7536 -1.60978 0
      vertex 29.6494 -1.57059 0
    endloop
  endfacet
  facet normal -0.730056 -0.683388 0
    outer loop
      vertex 31.5781 1.12089 0
      vertex 31.5021 1.20208 2.5
      vertex 31.5021 1.20208 0
    endloop
  endfacet
  facet normal -0.730056 -0.683388 0
    outer loop
      vertex 31.5021 1.20208 2.5
      vertex 31.5781 1.12089 0
      vertex 31.5781 1.12089 2.5
    endloop
  endfacet
  facet normal 0.582598 -0.81276 0
    outer loop
      vertex 29.2651 1.3487 0
      vertex 29.3555 1.4135 2.5
      vertex 29.2651 1.3487 2.5
    endloop
  endfacet
  facet normal 0.582598 -0.81276 0
    outer loop
      vertex 29.3555 1.4135 2.5
      vertex 29.2651 1.3487 0
      vertex 29.3555 1.4135 0
    endloop
  endfacet
  facet normal 0.999476 -0.0323615 0
    outer loop
      vertex 28.6 0 2.5
      vertex 28.6036 0.111185 0
      vertex 28.6036 0.111185 2.5
    endloop
  endfacet
  facet normal 0.999476 -0.0323615 0
    outer loop
      vertex 28.6036 0.111185 0
      vertex 28.6 0 2.5
      vertex 28.6 0 0
    endloop
  endfacet
  facet normal 0.0979904 -0.995187 0
    outer loop
      vertex 30.0781 1.68546 0
      vertex 30.1888 1.69636 2.5
      vertex 30.0781 1.68546 2.5
    endloop
  endfacet
  facet normal 0.0979904 -0.995187 0
    outer loop
      vertex 30.1888 1.69636 2.5
      vertex 30.0781 1.68546 0
      vertex 30.1888 1.69636 0
    endloop
  endfacet
  facet normal 0.986529 -0.163584 0
    outer loop
      vertex 28.6145 0.221894 2.5
      vertex 28.6327 0.331653 0
      vertex 28.6327 0.331653 2.5
    endloop
  endfacet
  facet normal 0.986529 -0.163584 0
    outer loop
      vertex 28.6327 0.331653 0
      vertex 28.6145 0.221894 2.5
      vertex 28.6145 0.221894 0
    endloop
  endfacet
  facet normal -0.634348 0.773047 0
    outer loop
      vertex 31.4209 -1.27813 0
      vertex 31.3349 -1.3487 2.5
      vertex 31.4209 -1.27813 2.5
    endloop
  endfacet
  facet normal -0.634348 0.773047 0
    outer loop
      vertex 31.3349 -1.3487 2.5
      vertex 31.4209 -1.27813 0
      vertex 31.3349 -1.3487 0
    endloop
  endfacet
  facet normal 0.995188 0.0979826 0
    outer loop
      vertex 28.6145 -0.221894 2.5
      vertex 28.6036 -0.111185 0
      vertex 28.6036 -0.111185 2.5
    endloop
  endfacet
  facet normal 0.995188 0.0979826 0
    outer loop
      vertex 28.6036 -0.111185 0
      vertex 28.6145 -0.221894 2.5
      vertex 28.6145 -0.221894 0
    endloop
  endfacet
  facet normal -0.0979904 -0.995187 0
    outer loop
      vertex 30.4112 1.69636 0
      vertex 30.5219 1.68546 2.5
      vertex 30.4112 1.69636 2.5
    endloop
  endfacet
  facet normal -0.0979904 -0.995187 -0
    outer loop
      vertex 30.5219 1.68546 2.5
      vertex 30.4112 1.69636 0
      vertex 30.5219 1.68546 0
    endloop
  endfacet
  facet normal 0.812827 -0.582504 0
    outer loop
      vertex 28.8865 0.944468 2.5
      vertex 28.9513 1.03489 0
      vertex 28.9513 1.03489 2.5
    endloop
  endfacet
  facet normal 0.812827 -0.582504 0
    outer loop
      vertex 28.9513 1.03489 0
      vertex 28.8865 0.944468 2.5
      vertex 28.8865 0.944468 0
    endloop
  endfacet
  facet normal 0.683582 0.729873 -0
    outer loop
      vertex 29.1791 -1.27813 0
      vertex 29.0979 -1.20208 2.5
      vertex 29.1791 -1.27813 2.5
    endloop
  endfacet
  facet normal 0.683582 0.729873 0
    outer loop
      vertex 29.0979 -1.20208 2.5
      vertex 29.1791 -1.27813 0
      vertex 29.0979 -1.20208 0
    endloop
  endfacet
  facet normal 0.0979904 0.995187 -0
    outer loop
      vertex 30.1888 -1.69636 0
      vertex 30.0781 -1.68546 2.5
      vertex 30.1888 -1.69636 2.5
    endloop
  endfacet
  facet normal 0.0979904 0.995187 0
    outer loop
      vertex 30.0781 -1.68546 2.5
      vertex 30.1888 -1.69636 0
      vertex 30.0781 -1.68546 0
    endloop
  endfacet
  facet normal -0.162913 0.986641 0
    outer loop
      vertex 30.6317 -1.66733 0
      vertex 30.5219 -1.68546 2.5
      vertex 30.6317 -1.66733 2.5
    endloop
  endfacet
  facet normal -0.162913 0.986641 0
    outer loop
      vertex 30.5219 -1.68546 2.5
      vertex 30.6317 -1.66733 0
      vertex 30.5219 -1.68546 0
    endloop
  endfacet
  facet normal -0.582598 0.81276 0
    outer loop
      vertex 31.3349 -1.3487 0
      vertex 31.2445 -1.4135 2.5
      vertex 31.3349 -1.3487 2.5
    endloop
  endfacet
  facet normal -0.582598 0.81276 0
    outer loop
      vertex 31.2445 -1.4135 2.5
      vertex 31.3349 -1.3487 0
      vertex 31.2445 -1.4135 0
    endloop
  endfacet
  facet normal -0.471428 -0.881905 0
    outer loop
      vertex 31.0519 1.52468 0
      vertex 31.15 1.47224 2.5
      vertex 31.0519 1.52468 2.5
    endloop
  endfacet
  facet normal -0.471428 -0.881905 -0
    outer loop
      vertex 31.15 1.47224 2.5
      vertex 31.0519 1.52468 0
      vertex 31.15 1.47224 0
    endloop
  endfacet
  facet normal 0.471428 0.881905 -0
    outer loop
      vertex 29.5481 -1.52468 0
      vertex 29.45 -1.47224 2.5
      vertex 29.5481 -1.52468 2.5
    endloop
  endfacet
  facet normal 0.471428 0.881905 0
    outer loop
      vertex 29.45 -1.47224 2.5
      vertex 29.5481 -1.52468 0
      vertex 29.45 -1.47224 0
    endloop
  endfacet
  facet normal 0.812827 0.582504 0
    outer loop
      vertex 28.9513 -1.03489 2.5
      vertex 28.8865 -0.944468 0
      vertex 28.8865 -0.944468 2.5
    endloop
  endfacet
  facet normal 0.812827 0.582504 0
    outer loop
      vertex 28.8865 -0.944468 0
      vertex 28.9513 -1.03489 2.5
      vertex 28.9513 -1.03489 0
    endloop
  endfacet
  facet normal -0.352029 -0.935989 0
    outer loop
      vertex 30.8464 1.60978 0
      vertex 30.9506 1.57059 2.5
      vertex 30.8464 1.60978 2.5
    endloop
  endfacet
  facet normal -0.352029 -0.935989 -0
    outer loop
      vertex 30.9506 1.57059 2.5
      vertex 30.8464 1.60978 0
      vertex 30.9506 1.57059 0
    endloop
  endfacet
  facet normal 0.910903 0.412621 0
    outer loop
      vertex 28.7753 -0.75189 2.5
      vertex 28.7294 -0.650561 0
      vertex 28.7294 -0.650561 2.5
    endloop
  endfacet
  facet normal 0.910903 0.412621 0
    outer loop
      vertex 28.7294 -0.650561 0
      vertex 28.7753 -0.75189 2.5
      vertex 28.7753 -0.75189 0
    endloop
  endfacet
  facet normal -0.290399 0.956906 0
    outer loop
      vertex 30.8464 -1.60978 0
      vertex 30.74 -1.64207 2.5
      vertex 30.8464 -1.60978 2.5
    endloop
  endfacet
  facet normal -0.290399 0.956906 0
    outer loop
      vertex 30.74 -1.64207 2.5
      vertex 30.8464 -1.60978 0
      vertex 30.74 -1.64207 0
    endloop
  endfacet
  facet normal -0.683582 0.729873 0
    outer loop
      vertex 31.5021 -1.20208 0
      vertex 31.4209 -1.27813 2.5
      vertex 31.5021 -1.20208 2.5
    endloop
  endfacet
  facet normal -0.683582 0.729873 0
    outer loop
      vertex 31.4209 -1.27813 2.5
      vertex 31.5021 -1.20208 0
      vertex 31.4209 -1.27813 0
    endloop
  endfacet
  facet normal 0.812969 -0.582308 0
    outer loop
      vertex 34.2668 -3.04381 2.5
      vertex 34.4573 -2.77785 0
      vertex 34.4573 -2.77785 2.5
    endloop
  endfacet
  facet normal 0.812969 -0.582308 0
    outer loop
      vertex 34.4573 -2.77785 0
      vertex 34.2668 -3.04381 2.5
      vertex 34.2668 -3.04381 0
    endloop
  endfacet
  facet normal 0.0327347 -0.999464 0
    outer loop
      vertex 30.3 -5 0
      vertex 30.627 -4.98929 2.5
      vertex 30.3 -5 2.5
    endloop
  endfacet
  facet normal 0.0327347 -0.999464 0
    outer loop
      vertex 30.627 -4.98929 2.5
      vertex 30.3 -5 0
      vertex 30.627 -4.98929 0
    endloop
  endfacet
  facet normal 0.973876 0.227081 0
    outer loop
      vertex 35.2039 0.975451 2.5
      vertex 35.1296 1.2941 0
      vertex 35.1296 1.2941 2.5
    endloop
  endfacet
  facet normal 0.973876 0.227081 0
    outer loop
      vertex 35.1296 1.2941 0
      vertex 35.2039 0.975451 2.5
      vertex 35.2039 0.975451 0
    endloop
  endfacet
  facet normal 0 1 0
    outer loop
      vertex 30.3 5 2.5
      vertex 15 5 2.49
      vertex 15 5 2.5
    endloop
  endfacet
  facet normal 0 1 0
    outer loop
      vertex 30.3 5 0
      vertex 9 5 2.49
      vertex 15 5 2.49
    endloop
  endfacet
  facet normal 0 1 0
    outer loop
      vertex 9 5 2.49
      vertex 30.3 5 0
      vertex -9 5 2.49
    endloop
  endfacet
  facet normal 0 1 0
    outer loop
      vertex -30.3 5 0
      vertex -9 5 2.49
      vertex 30.3 5 0
    endloop
  endfacet
  facet normal 0 1 -0
    outer loop
      vertex 30.3 5 0
      vertex 15 5 2.49
      vertex 30.3 5 2.5
    endloop
  endfacet
  facet normal 0 1 -0
    outer loop
      vertex 9 5 2.49
      vertex -9 5 2.5
      vertex 9 5 2.5
    endloop
  endfacet
  facet normal 0 1 0
    outer loop
      vertex -9 5 2.5
      vertex 9 5 2.49
      vertex -9 5 2.49
    endloop
  endfacet
  facet normal 0 1 -0
    outer loop
      vertex -15 5 2.49
      vertex -30.3 5 2.5
      vertex -15 5 2.5
    endloop
  endfacet
  facet normal 0 1 0
    outer loop
      vertex -9 5 2.49
      vertex -30.3 5 0
      vertex -15 5 2.49
    endloop
  endfacet
  facet normal 0 1 0
    outer loop
      vertex -15 5 2.49
      vertex -30.3 5 0
      vertex -30.3 5 2.5
    endloop
  endfacet
  facet normal -0.582556 0.812791 0
    outer loop
      vertex -33.0779 4.15735 0
      vertex -33.3438 3.96677 2.5
      vertex -33.0779 4.15735 2.5
    endloop
  endfacet
  facet normal -0.582556 0.812791 0
    outer loop
      vertex -33.3438 3.96677 2.5
      vertex -33.0779 4.15735 0
      vertex -33.3438 3.96677 0
    endloop
  endfacet
  facet normal 0.849172 -0.528116 0
    outer loop
      vertex 34.4573 -2.77785 2.5
      vertex 34.6301 -2.5 0
      vertex 34.6301 -2.5 2.5
    endloop
  endfacet
  facet normal 0.849172 -0.528116 0
    outer loop
      vertex 34.6301 -2.5 0
      vertex 34.4573 -2.77785 2.5
      vertex 34.4573 -2.77785 0
    endloop
  endfacet
  facet normal -0.683608 0.72985 0
    outer loop
      vertex -33.5967 3.7592 0
      vertex -33.8355 3.53553 2.5
      vertex -33.5967 3.7592 2.5
    endloop
  endfacet
  facet normal -0.683608 0.72985 0
    outer loop
      vertex -33.8355 3.53553 2.5
      vertex -33.5967 3.7592 0
      vertex -33.8355 3.53553 0
    endloop
  endfacet
  facet normal -0.528003 -0.849242 0
    outer loop
      vertex -33.0779 -4.15735 0
      vertex -32.8 -4.33013 2.5
      vertex -33.0779 -4.15735 2.5
    endloop
  endfacet
  facet normal -0.528003 -0.849242 -0
    outer loop
      vertex -32.8 -4.33013 2.5
      vertex -33.0779 -4.15735 0
      vertex -32.8 -4.33013 0
    endloop
  endfacet
  facet normal 0.935959 0.352108 0
    outer loop
      vertex 35.0346 1.6072 2.5
      vertex 34.9194 1.91342 0
      vertex 34.9194 1.91342 2.5
    endloop
  endfacet
  facet normal 0.935959 0.352108 0
    outer loop
      vertex 34.9194 1.91342 0
      vertex 35.0346 1.6072 2.5
      vertex 35.0346 1.6072 0
    endloop
  endfacet
  facet normal -0.986642 -0.162902 0
    outer loop
      vertex -35.2039 -0.975451 0
      vertex -35.2572 -0.652631 2.5
      vertex -35.2572 -0.652631 0
    endloop
  endfacet
  facet normal -0.986642 -0.162902 0
    outer loop
      vertex -35.2572 -0.652631 2.5
      vertex -35.2039 -0.975451 0
      vertex -35.2039 -0.975451 2.5
    endloop
  endfacet
  facet normal -0.412753 0.910843 0
    outer loop
      vertex -32.2134 4.6194 0
      vertex -32.5114 4.48436 2.5
      vertex -32.2134 4.6194 2.5
    endloop
  endfacet
  facet normal -0.412753 0.910843 0
    outer loop
      vertex -32.5114 4.48436 2.5
      vertex -32.2134 4.6194 0
      vertex -32.5114 4.48436 0
    endloop
  endfacet
  facet normal 0.935959 -0.352108 0
    outer loop
      vertex 34.9194 -1.91342 2.5
      vertex 35.0346 -1.6072 0
      vertex 35.0346 -1.6072 2.5
    endloop
  endfacet
  facet normal 0.935959 -0.352108 0
    outer loop
      vertex 35.0346 -1.6072 0
      vertex 34.9194 -1.91342 2.5
      vertex 34.9194 -1.91342 0
    endloop
  endfacet
  facet normal -0.999465 0.0327027 0
    outer loop
      vertex -35.3 0 0
      vertex -35.2893 0.327015 2.5
      vertex -35.2893 0.327015 0
    endloop
  endfacet
  facet normal -0.999465 0.0327027 0
    outer loop
      vertex -35.2893 0.327015 2.5
      vertex -35.3 0 0
      vertex -35.3 0 2.5
    endloop
  endfacet
  facet normal -0.0980208 -0.995184 0
    outer loop
      vertex -30.9526 -4.95722 0
      vertex -30.627 -4.98929 2.5
      vertex -30.9526 -4.95722 2.5
    endloop
  endfacet
  facet normal -0.0980208 -0.995184 -0
    outer loop
      vertex -30.627 -4.98929 2.5
      vertex -30.9526 -4.95722 0
      vertex -30.627 -4.98929 0
    endloop
  endfacet
  facet normal 0.290291 -0.956939 0
    outer loop
      vertex 31.5941 -4.82963 0
      vertex 31.9072 -4.73465 2.5
      vertex 31.5941 -4.82963 2.5
    endloop
  endfacet
  facet normal 0.290291 -0.956939 0
    outer loop
      vertex 31.9072 -4.73465 2.5
      vertex 31.5941 -4.82963 0
      vertex 31.9072 -4.73465 0
    endloop
  endfacet
  facet normal -0.63443 0.77298 0
    outer loop
      vertex -33.3438 3.96677 0
      vertex -33.5967 3.7592 2.5
      vertex -33.3438 3.96677 2.5
    endloop
  endfacet
  facet normal -0.63443 0.77298 0
    outer loop
      vertex -33.5967 3.7592 2.5
      vertex -33.3438 3.96677 0
      vertex -33.5967 3.7592 0
    endloop
  endfacet
  facet normal -0.973876 0.227081 0
    outer loop
      vertex -35.2039 0.975451 0
      vertex -35.1296 1.2941 2.5
      vertex -35.1296 1.2941 0
    endloop
  endfacet
  facet normal -0.973876 0.227081 0
    outer loop
      vertex -35.1296 1.2941 2.5
      vertex -35.2039 0.975451 0
      vertex -35.2039 0.975451 2.5
    endloop
  endfacet
  facet normal 0.956922 -0.290347 0
    outer loop
      vertex 35.0346 -1.6072 2.5
      vertex 35.1296 -1.2941 0
      vertex 35.1296 -1.2941 2.5
    endloop
  endfacet
  facet normal 0.956922 -0.290347 0
    outer loop
      vertex 35.1296 -1.2941 0
      vertex 35.0346 -1.6072 2.5
      vertex 35.0346 -1.6072 0
    endloop
  endfacet
  facet normal -0.0980208 0.995184 0
    outer loop
      vertex -30.627 4.98929 0
      vertex -30.9526 4.95722 2.5
      vertex -30.627 4.98929 2.5
    endloop
  endfacet
  facet normal -0.0980208 0.995184 0
    outer loop
      vertex -30.9526 4.95722 2.5
      vertex -30.627 4.98929 0
      vertex -30.9526 4.95722 0
    endloop
  endfacet
  facet normal -0.935959 0.352108 0
    outer loop
      vertex -35.0346 1.6072 0
      vertex -34.9194 1.91342 2.5
      vertex -34.9194 1.91342 0
    endloop
  endfacet
  facet normal -0.935959 0.352108 0
    outer loop
      vertex -34.9194 1.91342 2.5
      vertex -35.0346 1.6072 0
      vertex -35.0346 1.6072 2.5
    endloop
  endfacet
  facet normal -0.0327347 -0.999464 0
    outer loop
      vertex -30.627 -4.98929 0
      vertex -30.3 -5 2.5
      vertex -30.627 -4.98929 2.5
    endloop
  endfacet
  facet normal -0.0327347 -0.999464 -0
    outer loop
      vertex -30.3 -5 2.5
      vertex -30.627 -4.98929 0
      vertex -30.3 -5 0
    endloop
  endfacet
  facet normal -0.352262 -0.935901 0
    outer loop
      vertex -32.2134 -4.6194 0
      vertex -31.9072 -4.73465 2.5
      vertex -32.2134 -4.6194 2.5
    endloop
  endfacet
  facet normal -0.352262 -0.935901 -0
    outer loop
      vertex -31.9072 -4.73465 2.5
      vertex -32.2134 -4.6194 0
      vertex -31.9072 -4.73465 0
    endloop
  endfacet
  facet normal 0 -1 0
    outer loop
      vertex -30.3 -5 2.5
      vertex -15 -5 2.49
      vertex -15 -5 2.5
    endloop
  endfacet
  facet normal 0 -1 0
    outer loop
      vertex -30.3 -5 0
      vertex -9 -5 2.49
      vertex -15 -5 2.49
    endloop
  endfacet
  facet normal 0 -1 -0
    outer loop
      vertex -9 -5 2.49
      vertex -30.3 -5 0
      vertex 9 -5 2.49
    endloop
  endfacet
  facet normal 0 -1 0
    outer loop
      vertex 30.3 -5 0
      vertex 9 -5 2.49
      vertex -30.3 -5 0
    endloop
  endfacet
  facet normal 0 -1 0
    outer loop
      vertex -30.3 -5 0
      vertex -15 -5 2.49
      vertex -30.3 -5 2.5
    endloop
  endfacet
  facet normal 0 -1 0
    outer loop
      vertex -9 -5 2.49
      vertex 9 -5 2.5
      vertex -9 -5 2.5
    endloop
  endfacet
  facet normal 0 -1 -0
    outer loop
      vertex 9 -5 2.5
      vertex -9 -5 2.49
      vertex 9 -5 2.49
    endloop
  endfacet
  facet normal 0 -1 0
    outer loop
      vertex 15 -5 2.49
      vertex 30.3 -5 2.5
      vertex 15 -5 2.5
    endloop
  endfacet
  facet normal 0 -1 0
    outer loop
      vertex 9 -5 2.49
      vertex 30.3 -5 0
      vertex 15 -5 2.49
    endloop
  endfacet
  facet normal 0 -1 0
    outer loop
      vertex 15 -5 2.49
      vertex 30.3 -5 0
      vertex 30.3 -5 2.5
    endloop
  endfacet
  facet normal 0.849172 0.528116 0
    outer loop
      vertex 34.6301 2.5 2.5
      vertex 34.4573 2.77785 0
      vertex 34.4573 2.77785 2.5
    endloop
  endfacet
  facet normal 0.849172 0.528116 0
    outer loop
      vertex 34.4573 2.77785 0
      vertex 34.6301 2.5 2.5
      vertex 34.6301 2.5 0
    endloop
  endfacet
  facet normal 0.352262 -0.935901 0
    outer loop
      vertex 31.9072 -4.73465 0
      vertex 32.2134 -4.6194 2.5
      vertex 31.9072 -4.73465 2.5
    endloop
  endfacet
  facet normal 0.352262 -0.935901 0
    outer loop
      vertex 32.2134 -4.6194 2.5
      vertex 31.9072 -4.73465 0
      vertex 32.2134 -4.6194 0
    endloop
  endfacet
  facet normal 0.63443 -0.77298 0
    outer loop
      vertex 33.3438 -3.96677 0
      vertex 33.5967 -3.7592 2.5
      vertex 33.3438 -3.96677 2.5
    endloop
  endfacet
  facet normal 0.63443 -0.77298 0
    outer loop
      vertex 33.5967 -3.7592 2.5
      vertex 33.3438 -3.96677 0
      vertex 33.5967 -3.7592 0
    endloop
  endfacet
  facet normal -0.227114 -0.973868 0
    outer loop
      vertex -31.5941 -4.82963 0
      vertex -31.2755 -4.90393 2.5
      vertex -31.5941 -4.82963 2.5
    endloop
  endfacet
  facet normal -0.227114 -0.973868 -0
    outer loop
      vertex -31.2755 -4.90393 2.5
      vertex -31.5941 -4.82963 0
      vertex -31.2755 -4.90393 0
    endloop
  endfacet
  facet normal 0.9109 -0.412628 0
    outer loop
      vertex 34.7844 -2.21144 2.5
      vertex 34.9194 -1.91342 0
      vertex 34.9194 -1.91342 2.5
    endloop
  endfacet
  facet normal 0.9109 -0.412628 0
    outer loop
      vertex 34.9194 -1.91342 0
      vertex 34.7844 -2.21144 2.5
      vertex 34.7844 -2.21144 0
    endloop
  endfacet
  facet normal -0.162833 0.986654 0
    outer loop
      vertex -30.9526 4.95722 0
      vertex -31.2755 4.90393 2.5
      vertex -30.9526 4.95722 2.5
    endloop
  endfacet
  facet normal -0.162833 0.986654 0
    outer loop
      vertex -31.2755 4.90393 2.5
      vertex -30.9526 4.95722 0
      vertex -31.2755 4.90393 0
    endloop
  endfacet
  facet normal 0.956922 0.290347 0
    outer loop
      vertex 35.1296 1.2941 2.5
      vertex 35.0346 1.6072 0
      vertex 35.0346 1.6072 2.5
    endloop
  endfacet
  facet normal 0.956922 0.290347 0
    outer loop
      vertex 35.0346 1.6072 0
      vertex 35.1296 1.2941 2.5
      vertex 35.1296 1.2941 0
    endloop
  endfacet
  facet normal -0.352262 0.935901 0
    outer loop
      vertex -31.9072 4.73465 0
      vertex -32.2134 4.6194 2.5
      vertex -31.9072 4.73465 2.5
    endloop
  endfacet
  facet normal -0.352262 0.935901 0
    outer loop
      vertex -32.2134 4.6194 2.5
      vertex -31.9072 4.73465 0
      vertex -32.2134 4.6194 0
    endloop
  endfacet
  facet normal -0.881843 0.471543 0
    outer loop
      vertex -34.7844 2.21144 0
      vertex -34.6301 2.5 2.5
      vertex -34.6301 2.5 0
    endloop
  endfacet
  facet normal -0.881843 0.471543 0
    outer loop
      vertex -34.6301 2.5 2.5
      vertex -34.7844 2.21144 0
      vertex -34.7844 2.21144 2.5
    endloop
  endfacet
  facet normal -0.956922 -0.290347 0
    outer loop
      vertex -35.0346 -1.6072 0
      vertex -35.1296 -1.2941 2.5
      vertex -35.1296 -1.2941 0
    endloop
  endfacet
  facet normal -0.956922 -0.290347 0
    outer loop
      vertex -35.1296 -1.2941 2.5
      vertex -35.0346 -1.6072 0
      vertex -35.0346 -1.6072 2.5
    endloop
  endfacet
  facet normal -0.77296 0.634455 0
    outer loop
      vertex -34.2668 3.04381 0
      vertex -34.0592 3.29673 2.5
      vertex -34.0592 3.29673 0
    endloop
  endfacet
  facet normal -0.77296 0.634455 0
    outer loop
      vertex -34.0592 3.29673 2.5
      vertex -34.2668 3.04381 0
      vertex -34.2668 3.04381 2.5
    endloop
  endfacet
  facet normal -0.849172 0.528116 0
    outer loop
      vertex -34.6301 2.5 0
      vertex -34.4573 2.77785 2.5
      vertex -34.4573 2.77785 0
    endloop
  endfacet
  facet normal -0.849172 0.528116 0
    outer loop
      vertex -34.4573 2.77785 2.5
      vertex -34.6301 2.5 0
      vertex -34.6301 2.5 2.5
    endloop
  endfacet
  facet normal -0.995176 -0.0981068 0
    outer loop
      vertex -35.2572 -0.652631 0
      vertex -35.2893 -0.327015 2.5
      vertex -35.2893 -0.327015 0
    endloop
  endfacet
  facet normal -0.995176 -0.0981068 0
    outer loop
      vertex -35.2893 -0.327015 2.5
      vertex -35.2572 -0.652631 0
      vertex -35.2572 -0.652631 2.5
    endloop
  endfacet
  facet normal 0.683608 -0.72985 0
    outer loop
      vertex 33.5967 -3.7592 0
      vertex 33.8355 -3.53553 2.5
      vertex 33.5967 -3.7592 2.5
    endloop
  endfacet
  facet normal 0.683608 -0.72985 0
    outer loop
      vertex 33.8355 -3.53553 2.5
      vertex 33.5967 -3.7592 0
      vertex 33.8355 -3.53553 0
    endloop
  endfacet
  facet normal 0.729804 -0.683656 0
    outer loop
      vertex 33.8355 -3.53553 2.5
      vertex 34.0592 -3.29673 0
      vertex 34.0592 -3.29673 2.5
    endloop
  endfacet
  facet normal 0.729804 -0.683656 0
    outer loop
      vertex 34.0592 -3.29673 0
      vertex 33.8355 -3.53553 2.5
      vertex 33.8355 -3.53553 0
    endloop
  endfacet
  facet normal -0.986642 0.162902 0
    outer loop
      vertex -35.2572 0.652631 0
      vertex -35.2039 0.975451 2.5
      vertex -35.2039 0.975451 0
    endloop
  endfacet
  facet normal -0.986642 0.162902 0
    outer loop
      vertex -35.2039 0.975451 2.5
      vertex -35.2572 0.652631 0
      vertex -35.2572 0.652631 2.5
    endloop
  endfacet
  facet normal -0.9109 0.412628 0
    outer loop
      vertex -34.9194 1.91342 0
      vertex -34.7844 2.21144 2.5
      vertex -34.7844 2.21144 0
    endloop
  endfacet
  facet normal -0.9109 0.412628 0
    outer loop
      vertex -34.7844 2.21144 2.5
      vertex -34.9194 1.91342 0
      vertex -34.9194 1.91342 2.5
    endloop
  endfacet
  facet normal -0.528003 0.849242 0
    outer loop
      vertex -32.8 4.33013 0
      vertex -33.0779 4.15735 2.5
      vertex -32.8 4.33013 2.5
    endloop
  endfacet
  facet normal -0.528003 0.849242 0
    outer loop
      vertex -33.0779 4.15735 2.5
      vertex -32.8 4.33013 0
      vertex -33.0779 4.15735 0
    endloop
  endfacet
  facet normal -0.63443 -0.77298 0
    outer loop
      vertex -33.5967 -3.7592 0
      vertex -33.3438 -3.96677 2.5
      vertex -33.5967 -3.7592 2.5
    endloop
  endfacet
  facet normal -0.63443 -0.77298 -0
    outer loop
      vertex -33.3438 -3.96677 2.5
      vertex -33.5967 -3.7592 0
      vertex -33.3438 -3.96677 0
    endloop
  endfacet
  facet normal -0.995176 0.0981068 0
    outer loop
      vertex -35.2893 0.327015 0
      vertex -35.2572 0.652631 2.5
      vertex -35.2572 0.652631 0
    endloop
  endfacet
  facet normal -0.995176 0.0981068 0
    outer loop
      vertex -35.2572 0.652631 2.5
      vertex -35.2893 0.327015 0
      vertex -35.2893 0.327015 2.5
    endloop
  endfacet
  facet normal 0.227114 -0.973868 0
    outer loop
      vertex 31.2755 -4.90393 0
      vertex 31.5941 -4.82963 2.5
      vertex 31.2755 -4.90393 2.5
    endloop
  endfacet
  facet normal 0.227114 -0.973868 0
    outer loop
      vertex 31.5941 -4.82963 2.5
      vertex 31.2755 -4.90393 0
      vertex 31.5941 -4.82963 0
    endloop
  endfacet
  facet normal 0.995176 0.0981068 0
    outer loop
      vertex 35.2893 0.327015 2.5
      vertex 35.2572 0.652631 0
      vertex 35.2572 0.652631 2.5
    endloop
  endfacet
  facet normal 0.995176 0.0981068 0
    outer loop
      vertex 35.2572 0.652631 0
      vertex 35.2893 0.327015 2.5
      vertex 35.2893 0.327015 0
    endloop
  endfacet
  facet normal -0.162833 -0.986654 0
    outer loop
      vertex -31.2755 -4.90393 0
      vertex -30.9526 -4.95722 2.5
      vertex -31.2755 -4.90393 2.5
    endloop
  endfacet
  facet normal -0.162833 -0.986654 -0
    outer loop
      vertex -30.9526 -4.95722 2.5
      vertex -31.2755 -4.90393 0
      vertex -30.9526 -4.95722 0
    endloop
  endfacet
  facet normal 0.77296 -0.634455 0
    outer loop
      vertex 34.0592 -3.29673 2.5
      vertex 34.2668 -3.04381 0
      vertex 34.2668 -3.04381 2.5
    endloop
  endfacet
  facet normal 0.77296 -0.634455 0
    outer loop
      vertex 34.2668 -3.04381 0
      vertex 34.0592 -3.29673 2.5
      vertex 34.0592 -3.29673 0
    endloop
  endfacet
  facet normal -0.683608 -0.72985 0
    outer loop
      vertex -33.8355 -3.53553 0
      vertex -33.5967 -3.7592 2.5
      vertex -33.8355 -3.53553 2.5
    endloop
  endfacet
  facet normal -0.683608 -0.72985 -0
    outer loop
      vertex -33.5967 -3.7592 2.5
      vertex -33.8355 -3.53553 0
      vertex -33.5967 -3.7592 0
    endloop
  endfacet
  facet normal -0.77296 -0.634455 0
    outer loop
      vertex -34.0592 -3.29673 0
      vertex -34.2668 -3.04381 2.5
      vertex -34.2668 -3.04381 0
    endloop
  endfacet
  facet normal -0.77296 -0.634455 0
    outer loop
      vertex -34.2668 -3.04381 2.5
      vertex -34.0592 -3.29673 0
      vertex -34.0592 -3.29673 2.5
    endloop
  endfacet
  facet normal -0.729804 -0.683656 0
    outer loop
      vertex -33.8355 -3.53553 0
      vertex -34.0592 -3.29673 2.5
      vertex -34.0592 -3.29673 0
    endloop
  endfacet
  facet normal -0.729804 -0.683656 0
    outer loop
      vertex -34.0592 -3.29673 2.5
      vertex -33.8355 -3.53553 0
      vertex -33.8355 -3.53553 2.5
    endloop
  endfacet
  facet normal -0.881843 -0.471543 0
    outer loop
      vertex -34.6301 -2.5 0
      vertex -34.7844 -2.21144 2.5
      vertex -34.7844 -2.21144 0
    endloop
  endfacet
  facet normal -0.881843 -0.471543 0
    outer loop
      vertex -34.7844 -2.21144 2.5
      vertex -34.6301 -2.5 0
      vertex -34.6301 -2.5 2.5
    endloop
  endfacet
  facet normal -0.582556 -0.812791 0
    outer loop
      vertex -33.3438 -3.96677 0
      vertex -33.0779 -4.15735 2.5
      vertex -33.3438 -3.96677 2.5
    endloop
  endfacet
  facet normal -0.582556 -0.812791 -0
    outer loop
      vertex -33.0779 -4.15735 2.5
      vertex -33.3438 -3.96677 0
      vertex -33.0779 -4.15735 0
    endloop
  endfacet
  facet normal -0.0327347 0.999464 0
    outer loop
      vertex -30.3 5 0
      vertex -30.627 4.98929 2.5
      vertex -30.3 5 2.5
    endloop
  endfacet
  facet normal -0.0327347 0.999464 0
    outer loop
      vertex -30.627 4.98929 2.5
      vertex -30.3 5 0
      vertex -30.627 4.98929 0
    endloop
  endfacet
  facet normal 0.528003 -0.849242 0
    outer loop
      vertex 32.8 -4.33013 0
      vertex 33.0779 -4.15735 2.5
      vertex 32.8 -4.33013 2.5
    endloop
  endfacet
  facet normal 0.528003 -0.849242 0
    outer loop
      vertex 33.0779 -4.15735 2.5
      vertex 32.8 -4.33013 0
      vertex 33.0779 -4.15735 0
    endloop
  endfacet
  facet normal 0.412753 -0.910843 0
    outer loop
      vertex 32.2134 -4.6194 0
      vertex 32.5114 -4.48436 2.5
      vertex 32.2134 -4.6194 2.5
    endloop
  endfacet
  facet normal 0.412753 -0.910843 0
    outer loop
      vertex 32.5114 -4.48436 2.5
      vertex 32.2134 -4.6194 0
      vertex 32.5114 -4.48436 0
    endloop
  endfacet
  facet normal -0.812969 0.582308 0
    outer loop
      vertex -34.4573 2.77785 0
      vertex -34.2668 3.04381 2.5
      vertex -34.2668 3.04381 0
    endloop
  endfacet
  facet normal -0.812969 0.582308 0
    outer loop
      vertex -34.2668 3.04381 2.5
      vertex -34.4573 2.77785 0
      vertex -34.4573 2.77785 2.5
    endloop
  endfacet
  facet normal 0.471326 0.881959 -0
    outer loop
      vertex 32.8 4.33013 0
      vertex 32.5114 4.48436 2.5
      vertex 32.8 4.33013 2.5
    endloop
  endfacet
  facet normal 0.471326 0.881959 0
    outer loop
      vertex 32.5114 4.48436 2.5
      vertex 32.8 4.33013 0
      vertex 32.5114 4.48436 0
    endloop
  endfacet
  facet normal 0.290291 0.956939 -0
    outer loop
      vertex 31.9072 4.73465 0
      vertex 31.5941 4.82963 2.5
      vertex 31.9072 4.73465 2.5
    endloop
  endfacet
  facet normal 0.290291 0.956939 0
    outer loop
      vertex 31.5941 4.82963 2.5
      vertex 31.9072 4.73465 0
      vertex 31.5941 4.82963 0
    endloop
  endfacet
  facet normal 0.582556 0.812791 -0
    outer loop
      vertex 33.3438 3.96677 0
      vertex 33.0779 4.15735 2.5
      vertex 33.3438 3.96677 2.5
    endloop
  endfacet
  facet normal 0.582556 0.812791 0
    outer loop
      vertex 33.0779 4.15735 2.5
      vertex 33.3438 3.96677 0
      vertex 33.0779 4.15735 0
    endloop
  endfacet
  facet normal 0.0980208 -0.995184 0
    outer loop
      vertex 30.627 -4.98929 0
      vertex 30.9526 -4.95722 2.5
      vertex 30.627 -4.98929 2.5
    endloop
  endfacet
  facet normal 0.0980208 -0.995184 0
    outer loop
      vertex 30.9526 -4.95722 2.5
      vertex 30.627 -4.98929 0
      vertex 30.9526 -4.95722 0
    endloop
  endfacet
  facet normal -0.729804 0.683656 0
    outer loop
      vertex -34.0592 3.29673 0
      vertex -33.8355 3.53553 2.5
      vertex -33.8355 3.53553 0
    endloop
  endfacet
  facet normal -0.729804 0.683656 0
    outer loop
      vertex -33.8355 3.53553 2.5
      vertex -34.0592 3.29673 0
      vertex -34.0592 3.29673 2.5
    endloop
  endfacet
  facet normal -0.973876 -0.227081 0
    outer loop
      vertex -35.1296 -1.2941 0
      vertex -35.2039 -0.975451 2.5
      vertex -35.2039 -0.975451 0
    endloop
  endfacet
  facet normal -0.973876 -0.227081 0
    outer loop
      vertex -35.2039 -0.975451 2.5
      vertex -35.1296 -1.2941 0
      vertex -35.1296 -1.2941 2.5
    endloop
  endfacet
  facet normal -0.956922 0.290347 0
    outer loop
      vertex -35.1296 1.2941 0
      vertex -35.0346 1.6072 2.5
      vertex -35.0346 1.6072 0
    endloop
  endfacet
  facet normal -0.956922 0.290347 0
    outer loop
      vertex -35.0346 1.6072 2.5
      vertex -35.1296 1.2941 0
      vertex -35.1296 1.2941 2.5
    endloop
  endfacet
  facet normal -0.471326 0.881959 0
    outer loop
      vertex -32.5114 4.48436 0
      vertex -32.8 4.33013 2.5
      vertex -32.5114 4.48436 2.5
    endloop
  endfacet
  facet normal -0.471326 0.881959 0
    outer loop
      vertex -32.8 4.33013 2.5
      vertex -32.5114 4.48436 0
      vertex -32.8 4.33013 0
    endloop
  endfacet
  facet normal 0 0 1
    outer loop
      vertex -15 5 2.5
      vertex -28.6 0 2.5
      vertex -15 -5 2.5
    endloop
  endfacet
  facet normal 0 0 1
    outer loop
      vertex -15 5 2.5
      vertex -28.6036 0.111185 2.5
      vertex -28.6 0 2.5
    endloop
  endfacet
  facet normal 0 0 1
    outer loop
      vertex -15 5 2.5
      vertex -28.6145 0.221894 2.5
      vertex -28.6036 0.111185 2.5
    endloop
  endfacet
  facet normal 0 0 1
    outer loop
      vertex -15 5 2.5
      vertex -28.6327 0.331653 2.5
      vertex -28.6145 0.221894 2.5
    endloop
  endfacet
  facet normal 0 0 1
    outer loop
      vertex -15 5 2.5
      vertex -28.6579 0.439992 2.5
      vertex -28.6327 0.331653 2.5
    endloop
  endfacet
  facet normal 0 0 1
    outer loop
      vertex -15 5 2.5
      vertex -28.6902 0.546447 2.5
      vertex -28.6579 0.439992 2.5
    endloop
  endfacet
  facet normal 0 0 1
    outer loop
      vertex -15 5 2.5
      vertex -28.7294 0.650561 2.5
      vertex -28.6902 0.546447 2.5
    endloop
  endfacet
  facet normal 0 0 1
    outer loop
      vertex -15 5 2.5
      vertex -28.7753 0.75189 2.5
      vertex -28.7294 0.650561 2.5
    endloop
  endfacet
  facet normal 0 0 1
    outer loop
      vertex -15 5 2.5
      vertex -28.8278 0.849999 2.5
      vertex -28.7753 0.75189 2.5
    endloop
  endfacet
  facet normal 0 0 1
    outer loop
      vertex -15 5 2.5
      vertex -28.8865 0.944468 2.5
      vertex -28.8278 0.849999 2.5
    endloop
  endfacet
  facet normal 0 0 1
    outer loop
      vertex -15 5 2.5
      vertex -28.9513 1.03489 2.5
      vertex -28.8865 0.944468 2.5
    endloop
  endfacet
  facet normal -0 0 1
    outer loop
      vertex -30.3 5 2.5
      vertex -28.9513 1.03489 2.5
      vertex -15 5 2.5
    endloop
  endfacet
  facet normal 0 0 1
    outer loop
      vertex -28.9513 1.03489 2.5
      vertex -30.3 5 2.5
      vertex -29.0219 1.12089 2.5
    endloop
  endfacet
  facet normal 0 0 1
    outer loop
      vertex -29.0219 1.12089 2.5
      vertex -30.3 5 2.5
      vertex -29.0979 1.20208 2.5
    endloop
  endfacet
  facet normal 0 0 1
    outer loop
      vertex -29.0979 1.20208 2.5
      vertex -30.3 5 2.5
      vertex -29.1791 1.27813 2.5
    endloop
  endfacet
  facet normal 0 0 1
    outer loop
      vertex -29.1791 1.27813 2.5
      vertex -30.3 5 2.5
      vertex -29.2651 1.3487 2.5
    endloop
  endfacet
  facet normal 0 0 1
    outer loop
      vertex -29.2651 1.3487 2.5
      vertex -30.3 5 2.5
      vertex -29.3555 1.4135 2.5
    endloop
  endfacet
  facet normal 0 0 1
    outer loop
      vertex -29.3555 1.4135 2.5
      vertex -30.3 5 2.5
      vertex -29.45 1.47224 2.5
    endloop
  endfacet
  facet normal 0 0 1
    outer loop
      vertex -29.45 1.47224 2.5
      vertex -30.3 5 2.5
      vertex -29.5481 1.52468 2.5
    endloop
  endfacet
  facet normal 0 0 1
    outer loop
      vertex -29.5481 1.52468 2.5
      vertex -30.3 5 2.5
      vertex -29.6494 1.57059 2.5
    endloop
  endfacet
  facet normal 0 0 1
    outer loop
      vertex -29.6494 1.57059 2.5
      vertex -30.3 5 2.5
      vertex -29.7536 1.60978 2.5
    endloop
  endfacet
  facet normal 0 0 1
    outer loop
      vertex -29.7536 1.60978 2.5
      vertex -30.3 5 2.5
      vertex -29.86 1.64207 2.5
    endloop
  endfacet
  facet normal 0 0 1
    outer loop
      vertex -29.86 1.64207 2.5
      vertex -30.3 5 2.5
      vertex -29.9683 1.66733 2.5
    endloop
  endfacet
  facet normal 0 0 1
    outer loop
      vertex -29.9683 1.66733 2.5
      vertex -30.3 5 2.5
      vertex -30.0781 1.68546 2.5
    endloop
  endfacet
  facet normal 0 0 1
    outer loop
      vertex -30.0781 1.68546 2.5
      vertex -30.3 5 2.5
      vertex -30.1888 1.69636 2.5
    endloop
  endfacet
  facet normal 0 0 1
    outer loop
      vertex -30.3 5 2.5
      vertex -30.3 1.7 2.5
      vertex -30.1888 1.69636 2.5
    endloop
  endfacet
  facet normal 0 0 1
    outer loop
      vertex -30.3 5 2.5
      vertex -30.4112 1.69636 2.5
      vertex -30.3 1.7 2.5
    endloop
  endfacet
  facet normal -0 0 1
    outer loop
      vertex -30.627 4.98929 2.5
      vertex -30.4112 1.69636 2.5
      vertex -30.3 5 2.5
    endloop
  endfacet
  facet normal 0 0 1
    outer loop
      vertex -30.4112 1.69636 2.5
      vertex -30.627 4.98929 2.5
      vertex -30.5219 1.68546 2.5
    endloop
  endfacet
  facet normal -0 0 1
    outer loop
      vertex -30.9526 4.95722 2.5
      vertex -30.5219 1.68546 2.5
      vertex -30.627 4.98929 2.5
    endloop
  endfacet
  facet normal 0 0 1
    outer loop
      vertex -30.5219 1.68546 2.5
      vertex -30.9526 4.95722 2.5
      vertex -30.6317 1.66733 2.5
    endloop
  endfacet
  facet normal -0 0 1
    outer loop
      vertex -31.2755 4.90393 2.5
      vertex -30.6317 1.66733 2.5
      vertex -30.9526 4.95722 2.5
    endloop
  endfacet
  facet normal 0 0 1
    outer loop
      vertex -30.6317 1.66733 2.5
      vertex -31.2755 4.90393 2.5
      vertex -30.74 1.64207 2.5
    endloop
  endfacet
  facet normal -0 0 1
    outer loop
      vertex -31.5941 4.82963 2.5
      vertex -30.74 1.64207 2.5
      vertex -31.2755 4.90393 2.5
    endloop
  endfacet
  facet normal 0 0 1
    outer loop
      vertex -30.74 1.64207 2.5
      vertex -31.5941 4.82963 2.5
      vertex -30.8464 1.60978 2.5
    endloop
  endfacet
  facet normal -0 0 1
    outer loop
      vertex -31.9072 4.73465 2.5
      vertex -30.8464 1.60978 2.5
      vertex -31.5941 4.82963 2.5
    endloop
  endfacet
  facet normal 0 0 1
    outer loop
      vertex -30.8464 1.60978 2.5
      vertex -31.9072 4.73465 2.5
      vertex -30.9506 1.57059 2.5
    endloop
  endfacet
  facet normal -0 0 1
    outer loop
      vertex -32.2134 4.6194 2.5
      vertex -30.9506 1.57059 2.5
      vertex -31.9072 4.73465 2.5
    endloop
  endfacet
  facet normal 0 0 1
    outer loop
      vertex -30.9506 1.57059 2.5
      vertex -32.2134 4.6194 2.5
      vertex -31.0519 1.52468 2.5
    endloop
  endfacet
  facet normal -0 0 1
    outer loop
      vertex -32.5114 4.48436 2.5
      vertex -31.0519 1.52468 2.5
      vertex -32.2134 4.6194 2.5
    endloop
  endfacet
  facet normal 0 0 1
    outer loop
      vertex -31.0519 1.52468 2.5
      vertex -32.5114 4.48436 2.5
      vertex -31.15 1.47224 2.5
    endloop
  endfacet
  facet normal -0 0 1
    outer loop
      vertex -32.8 4.33013 2.5
      vertex -31.15 1.47224 2.5
      vertex -32.5114 4.48436 2.5
    endloop
  endfacet
  facet normal 0 0 1
    outer loop
      vertex -31.15 1.47224 2.5
      vertex -32.8 4.33013 2.5
      vertex -31.2445 1.4135 2.5
    endloop
  endfacet
  facet normal -0 0 1
    outer loop
      vertex -33.0779 4.15735 2.5
      vertex -31.2445 1.4135 2.5
      vertex -32.8 4.33013 2.5
    endloop
  endfacet
  facet normal 0 0 1
    outer loop
      vertex -31.2445 1.4135 2.5
      vertex -33.0779 4.15735 2.5
      vertex -31.3349 1.3487 2.5
    endloop
  endfacet
  facet normal -0 0 1
    outer loop
      vertex -33.3438 3.96677 2.5
      vertex -31.3349 1.3487 2.5
      vertex -33.0779 4.15735 2.5
    endloop
  endfacet
  facet normal 0 0 1
    outer loop
      vertex -31.3349 1.3487 2.5
      vertex -33.3438 3.96677 2.5
      vertex -31.4209 1.27813 2.5
    endloop
  endfacet
  facet normal -0 0 1
    outer loop
      vertex -33.5967 3.7592 2.5
      vertex -31.4209 1.27813 2.5
      vertex -33.3438 3.96677 2.5
    endloop
  endfacet
  facet normal 0 0 1
    outer loop
      vertex -31.4209 1.27813 2.5
      vertex -33.5967 3.7592 2.5
      vertex -31.5021 1.20208 2.5
    endloop
  endfacet
  facet normal -0 0 1
    outer loop
      vertex -33.8355 3.53553 2.5
      vertex -31.5021 1.20208 2.5
      vertex -33.5967 3.7592 2.5
    endloop
  endfacet
  facet normal 0 0 1
    outer loop
      vertex -31.5021 1.20208 2.5
      vertex -33.8355 3.53553 2.5
      vertex -31.5781 1.12089 2.5
    endloop
  endfacet
  facet normal -0 0 1
    outer loop
      vertex -34.0592 3.29673 2.5
      vertex -31.5781 1.12089 2.5
      vertex -33.8355 3.53553 2.5
    endloop
  endfacet
  facet normal 0 0 1
    outer loop
      vertex -31.5781 1.12089 2.5
      vertex -34.0592 3.29673 2.5
      vertex -31.6487 1.03489 2.5
    endloop
  endfacet
  facet normal -0 0 1
    outer loop
      vertex -34.2668 3.04381 2.5
      vertex -31.6487 1.03489 2.5
      vertex -34.0592 3.29673 2.5
    endloop
  endfacet
  facet normal 0 0 1
    outer loop
      vertex -31.6487 1.03489 2.5
      vertex -34.2668 3.04381 2.5
      vertex -31.7135 0.944468 2.5
    endloop
  endfacet
  facet normal -0 0 1
    outer loop
      vertex -34.4573 2.77785 2.5
      vertex -31.7135 0.944468 2.5
      vertex -34.2668 3.04381 2.5
    endloop
  endfacet
  facet normal -0 0 1
    outer loop
      vertex -28.6036 -0.111185 2.5
      vertex -15 -5 2.5
      vertex -28.6 0 2.5
    endloop
  endfacet
  facet normal -0 0 1
    outer loop
      vertex -28.6145 -0.221894 2.5
      vertex -15 -5 2.5
      vertex -28.6036 -0.111185 2.5
    endloop
  endfacet
  facet normal -0 0 1
    outer loop
      vertex -28.6327 -0.331653 2.5
      vertex -15 -5 2.5
      vertex -28.6145 -0.221894 2.5
    endloop
  endfacet
  facet normal -0 0 1
    outer loop
      vertex -28.6579 -0.439992 2.5
      vertex -15 -5 2.5
      vertex -28.6327 -0.331653 2.5
    endloop
  endfacet
  facet normal -0 0 1
    outer loop
      vertex -28.6902 -0.546447 2.5
      vertex -15 -5 2.5
      vertex -28.6579 -0.439992 2.5
    endloop
  endfacet
  facet normal -0 0 1
    outer loop
      vertex -28.7294 -0.650561 2.5
      vertex -15 -5 2.5
      vertex -28.6902 -0.546447 2.5
    endloop
  endfacet
  facet normal -0 0 1
    outer loop
      vertex -28.7753 -0.75189 2.5
      vertex -15 -5 2.5
      vertex -28.7294 -0.650561 2.5
    endloop
  endfacet
  facet normal -0 0 1
    outer loop
      vertex -28.8278 -0.849999 2.5
      vertex -15 -5 2.5
      vertex -28.7753 -0.75189 2.5
    endloop
  endfacet
  facet normal -0 0 1
    outer loop
      vertex -28.8865 -0.944468 2.5
      vertex -15 -5 2.5
      vertex -28.8278 -0.849999 2.5
    endloop
  endfacet
  facet normal -0 0 1
    outer loop
      vertex -28.9513 -1.03489 2.5
      vertex -15 -5 2.5
      vertex -28.8865 -0.944468 2.5
    endloop
  endfacet
  facet normal 0 0 1
    outer loop
      vertex -30.3 -5 2.5
      vertex -28.9513 -1.03489 2.5
      vertex -29.0219 -1.12089 2.5
    endloop
  endfacet
  facet normal 0 0 1
    outer loop
      vertex -30.3 -5 2.5
      vertex -29.0219 -1.12089 2.5
      vertex -29.0979 -1.20208 2.5
    endloop
  endfacet
  facet normal 0 0 1
    outer loop
      vertex -30.3 -5 2.5
      vertex -29.0979 -1.20208 2.5
      vertex -29.1791 -1.27813 2.5
    endloop
  endfacet
  facet normal 0 0 1
    outer loop
      vertex -30.3 -5 2.5
      vertex -29.1791 -1.27813 2.5
      vertex -29.2651 -1.3487 2.5
    endloop
  endfacet
  facet normal 0 0 1
    outer loop
      vertex -30.3 -5 2.5
      vertex -29.2651 -1.3487 2.5
      vertex -29.3555 -1.4135 2.5
    endloop
  endfacet
  facet normal 0 0 1
    outer loop
      vertex -30.3 -5 2.5
      vertex -29.3555 -1.4135 2.5
      vertex -29.45 -1.47224 2.5
    endloop
  endfacet
  facet normal 0 0 1
    outer loop
      vertex -30.3 -5 2.5
      vertex -29.45 -1.47224 2.5
      vertex -29.5481 -1.52468 2.5
    endloop
  endfacet
  facet normal 0 0 1
    outer loop
      vertex -30.3 -5 2.5
      vertex -29.5481 -1.52468 2.5
      vertex -29.6494 -1.57059 2.5
    endloop
  endfacet
  facet normal 0 0 1
    outer loop
      vertex -30.3 -5 2.5
      vertex -29.6494 -1.57059 2.5
      vertex -29.7536 -1.60978 2.5
    endloop
  endfacet
  facet normal 0 0 1
    outer loop
      vertex -30.3 -5 2.5
      vertex -29.7536 -1.60978 2.5
      vertex -29.86 -1.64207 2.5
    endloop
  endfacet
  facet normal 0 0 1
    outer loop
      vertex -30.3 -5 2.5
      vertex -29.86 -1.64207 2.5
      vertex -29.9683 -1.66733 2.5
    endloop
  endfacet
  facet normal 0 0 1
    outer loop
      vertex -30.3 -5 2.5
      vertex -29.9683 -1.66733 2.5
      vertex -30.0781 -1.68546 2.5
    endloop
  endfacet
  facet normal 0 0 1
    outer loop
      vertex -30.3 -5 2.5
      vertex -30.0781 -1.68546 2.5
      vertex -30.1888 -1.69636 2.5
    endloop
  endfacet
  facet normal 0 0 1
    outer loop
      vertex -30.3 -5 2.5
      vertex -30.1888 -1.69636 2.5
      vertex -30.3 -1.7 2.5
    endloop
  endfacet
  facet normal 0 0 1
    outer loop
      vertex -28.9513 -1.03489 2.5
      vertex -30.3 -5 2.5
      vertex -15 -5 2.5
    endloop
  endfacet
  facet normal 0 0 1
    outer loop
      vertex -30.4112 -1.69636 2.5
      vertex -30.3 -5 2.5
      vertex -30.3 -1.7 2.5
    endloop
  endfacet
  facet normal 0 0 1
    outer loop
      vertex -30.627 -4.98929 2.5
      vertex -30.4112 -1.69636 2.5
      vertex -30.5219 -1.68546 2.5
    endloop
  endfacet
  facet normal 0 0 1
    outer loop
      vertex -30.4112 -1.69636 2.5
      vertex -30.627 -4.98929 2.5
      vertex -30.3 -5 2.5
    endloop
  endfacet
  facet normal 0 0 1
    outer loop
      vertex -30.9526 -4.95722 2.5
      vertex -30.5219 -1.68546 2.5
      vertex -30.6317 -1.66733 2.5
    endloop
  endfacet
  facet normal 0 0 1
    outer loop
      vertex -31.2755 -4.90393 2.5
      vertex -30.6317 -1.66733 2.5
      vertex -30.74 -1.64207 2.5
    endloop
  endfacet
  facet normal 0 0 1
    outer loop
      vertex -31.5941 -4.82963 2.5
      vertex -30.74 -1.64207 2.5
      vertex -30.8464 -1.60978 2.5
    endloop
  endfacet
  facet normal 0 0 1
    outer loop
      vertex -31.9072 -4.73465 2.5
      vertex -30.8464 -1.60978 2.5
      vertex -30.9506 -1.57059 2.5
    endloop
  endfacet
  facet normal 0 0 1
    outer loop
      vertex -30.5219 -1.68546 2.5
      vertex -30.9526 -4.95722 2.5
      vertex -30.627 -4.98929 2.5
    endloop
  endfacet
  facet normal 0 0 1
    outer loop
      vertex -32.2134 -4.6194 2.5
      vertex -30.9506 -1.57059 2.5
      vertex -31.0519 -1.52468 2.5
    endloop
  endfacet
  facet normal 0 0 1
    outer loop
      vertex -32.5114 -4.48436 2.5
      vertex -31.0519 -1.52468 2.5
      vertex -31.15 -1.47224 2.5
    endloop
  endfacet
  facet normal 0 0 1
    outer loop
      vertex -32.8 -4.33013 2.5
      vertex -31.15 -1.47224 2.5
      vertex -31.2445 -1.4135 2.5
    endloop
  endfacet
  facet normal 0 0 1
    outer loop
      vertex -30.6317 -1.66733 2.5
      vertex -31.2755 -4.90393 2.5
      vertex -30.9526 -4.95722 2.5
    endloop
  endfacet
  facet normal 0 0 1
    outer loop
      vertex -33.0779 -4.15735 2.5
      vertex -31.2445 -1.4135 2.5
      vertex -31.3349 -1.3487 2.5
    endloop
  endfacet
  facet normal 0 0 1
    outer loop
      vertex -33.3438 -3.96677 2.5
      vertex -31.3349 -1.3487 2.5
      vertex -31.4209 -1.27813 2.5
    endloop
  endfacet
  facet normal 0 0 1
    outer loop
      vertex -33.5967 -3.7592 2.5
      vertex -31.4209 -1.27813 2.5
      vertex -31.5021 -1.20208 2.5
    endloop
  endfacet
  facet normal 0 0 1
    outer loop
      vertex -33.8355 -3.53553 2.5
      vertex -31.5021 -1.20208 2.5
      vertex -31.5781 -1.12089 2.5
    endloop
  endfacet
  facet normal 0 0 1
    outer loop
      vertex -30.74 -1.64207 2.5
      vertex -31.5941 -4.82963 2.5
      vertex -31.2755 -4.90393 2.5
    endloop
  endfacet
  facet normal 0 0 1
    outer loop
      vertex -34.0592 -3.29673 2.5
      vertex -31.5781 -1.12089 2.5
      vertex -31.6487 -1.03489 2.5
    endloop
  endfacet
  facet normal 0 0 1
    outer loop
      vertex -34.2668 -3.04381 2.5
      vertex -31.6487 -1.03489 2.5
      vertex -31.7135 -0.944468 2.5
    endloop
  endfacet
  facet normal 0 0 1
    outer loop
      vertex -34.4573 -2.77785 2.5
      vertex -31.7135 -0.944468 2.5
      vertex -31.7722 -0.849999 2.5
    endloop
  endfacet
  facet normal 0 0 1
    outer loop
      vertex -34.6301 -2.5 2.5
      vertex -31.7722 -0.849999 2.5
      vertex -31.8247 -0.75189 2.5
    endloop
  endfacet
  facet normal 0 0 1
    outer loop
      vertex -34.7844 -2.21144 2.5
      vertex -31.8247 -0.75189 2.5
      vertex -31.8706 -0.650561 2.5
    endloop
  endfacet
  facet normal 0 0 1
    outer loop
      vertex -30.8464 -1.60978 2.5
      vertex -31.9072 -4.73465 2.5
      vertex -31.5941 -4.82963 2.5
    endloop
  endfacet
  facet normal 0 0 1
    outer loop
      vertex -34.9194 -1.91342 2.5
      vertex -31.8706 -0.650561 2.5
      vertex -31.9098 -0.546447 2.5
    endloop
  endfacet
  facet normal 0 0 1
    outer loop
      vertex -35.0346 -1.6072 2.5
      vertex -31.9098 -0.546447 2.5
      vertex -31.9421 -0.439992 2.5
    endloop
  endfacet
  facet normal 0 0 1
    outer loop
      vertex -35.1296 -1.2941 2.5
      vertex -31.9421 -0.439992 2.5
      vertex -31.9673 -0.331653 2.5
    endloop
  endfacet
  facet normal 0 0 1
    outer loop
      vertex -35.2039 -0.975451 2.5
      vertex -31.9673 -0.331653 2.5
      vertex -31.9855 -0.221894 2.5
    endloop
  endfacet
  facet normal 0 0 1
    outer loop
      vertex -35.2572 -0.652631 2.5
      vertex -31.9855 -0.221894 2.5
      vertex -31.9964 -0.111185 2.5
    endloop
  endfacet
  facet normal 0 0 1
    outer loop
      vertex -35.2893 -0.327015 2.5
      vertex -31.9964 -0.111185 2.5
      vertex -32 0 2.5
    endloop
  endfacet
  facet normal 0 0 1
    outer loop
      vertex -31.7135 0.944468 2.5
      vertex -34.4573 2.77785 2.5
      vertex -31.7722 0.849999 2.5
    endloop
  endfacet
  facet normal 0 0 1
    outer loop
      vertex -30.9506 -1.57059 2.5
      vertex -32.2134 -4.6194 2.5
      vertex -31.9072 -4.73465 2.5
    endloop
  endfacet
  facet normal -0 0 1
    outer loop
      vertex -34.6301 2.5 2.5
      vertex -31.7722 0.849999 2.5
      vertex -34.4573 2.77785 2.5
    endloop
  endfacet
  facet normal 0 0 1
    outer loop
      vertex -31.0519 -1.52468 2.5
      vertex -32.5114 -4.48436 2.5
      vertex -32.2134 -4.6194 2.5
    endloop
  endfacet
  facet normal 0 0 1
    outer loop
      vertex -31.7722 0.849999 2.5
      vertex -34.6301 2.5 2.5
      vertex -31.8247 0.75189 2.5
    endloop
  endfacet
  facet normal 0 0 1
    outer loop
      vertex -31.15 -1.47224 2.5
      vertex -32.8 -4.33013 2.5
      vertex -32.5114 -4.48436 2.5
    endloop
  endfacet
  facet normal -0 0 1
    outer loop
      vertex -34.7844 2.21144 2.5
      vertex -31.8247 0.75189 2.5
      vertex -34.6301 2.5 2.5
    endloop
  endfacet
  facet normal 0 0 1
    outer loop
      vertex -31.2445 -1.4135 2.5
      vertex -33.0779 -4.15735 2.5
      vertex -32.8 -4.33013 2.5
    endloop
  endfacet
  facet normal 0 0 1
    outer loop
      vertex -31.8247 0.75189 2.5
      vertex -34.7844 2.21144 2.5
      vertex -31.8706 0.650561 2.5
    endloop
  endfacet
  facet normal 0 0 1
    outer loop
      vertex -31.3349 -1.3487 2.5
      vertex -33.3438 -3.96677 2.5
      vertex -33.0779 -4.15735 2.5
    endloop
  endfacet
  facet normal -0 0 1
    outer loop
      vertex -34.9194 1.91342 2.5
      vertex -31.8706 0.650561 2.5
      vertex -34.7844 2.21144 2.5
    endloop
  endfacet
  facet normal 0 0 1
    outer loop
      vertex -31.4209 -1.27813 2.5
      vertex -33.5967 -3.7592 2.5
      vertex -33.3438 -3.96677 2.5
    endloop
  endfacet
  facet normal 0 0 1
    outer loop
      vertex -31.8706 0.650561 2.5
      vertex -34.9194 1.91342 2.5
      vertex -31.9098 0.546447 2.5
    endloop
  endfacet
  facet normal 0 0 1
    outer loop
      vertex -31.5021 -1.20208 2.5
      vertex -33.8355 -3.53553 2.5
      vertex -33.5967 -3.7592 2.5
    endloop
  endfacet
  facet normal -0 0 1
    outer loop
      vertex -35.0346 1.6072 2.5
      vertex -31.9098 0.546447 2.5
      vertex -34.9194 1.91342 2.5
    endloop
  endfacet
  facet normal 0 0 1
    outer loop
      vertex -31.5781 -1.12089 2.5
      vertex -34.0592 -3.29673 2.5
      vertex -33.8355 -3.53553 2.5
    endloop
  endfacet
  facet normal 0 0 1
    outer loop
      vertex -31.9098 0.546447 2.5
      vertex -35.0346 1.6072 2.5
      vertex -31.9421 0.439992 2.5
    endloop
  endfacet
  facet normal 0 0 1
    outer loop
      vertex -31.6487 -1.03489 2.5
      vertex -34.2668 -3.04381 2.5
      vertex -34.0592 -3.29673 2.5
    endloop
  endfacet
  facet normal -0 0 1
    outer loop
      vertex -35.1296 1.2941 2.5
      vertex -31.9421 0.439992 2.5
      vertex -35.0346 1.6072 2.5
    endloop
  endfacet
  facet normal 0 0 1
    outer loop
      vertex -31.7135 -0.944468 2.5
      vertex -34.4573 -2.77785 2.5
      vertex -34.2668 -3.04381 2.5
    endloop
  endfacet
  facet normal 0 0 1
    outer loop
      vertex -31.9421 0.439992 2.5
      vertex -35.1296 1.2941 2.5
      vertex -31.9673 0.331653 2.5
    endloop
  endfacet
  facet normal 0 0 1
    outer loop
      vertex -31.7722 -0.849999 2.5
      vertex -34.6301 -2.5 2.5
      vertex -34.4573 -2.77785 2.5
    endloop
  endfacet
  facet normal -0 0 1
    outer loop
      vertex -35.2039 0.975451 2.5
      vertex -31.9673 0.331653 2.5
      vertex -35.1296 1.2941 2.5
    endloop
  endfacet
  facet normal 0 0 1
    outer loop
      vertex -31.8247 -0.75189 2.5
      vertex -34.7844 -2.21144 2.5
      vertex -34.6301 -2.5 2.5
    endloop
  endfacet
  facet normal 0 0 1
    outer loop
      vertex -31.9673 0.331653 2.5
      vertex -35.2039 0.975451 2.5
      vertex -31.9855 0.221894 2.5
    endloop
  endfacet
  facet normal 0 0 1
    outer loop
      vertex -31.8706 -0.650561 2.5
      vertex -34.9194 -1.91342 2.5
      vertex -34.7844 -2.21144 2.5
    endloop
  endfacet
  facet normal -0 0 1
    outer loop
      vertex -35.2572 0.652631 2.5
      vertex -31.9855 0.221894 2.5
      vertex -35.2039 0.975451 2.5
    endloop
  endfacet
  facet normal 0 0 1
    outer loop
      vertex -31.9098 -0.546447 2.5
      vertex -35.0346 -1.6072 2.5
      vertex -34.9194 -1.91342 2.5
    endloop
  endfacet
  facet normal 0 0 1
    outer loop
      vertex -31.9855 0.221894 2.5
      vertex -35.2572 0.652631 2.5
      vertex -31.9964 0.111185 2.5
    endloop
  endfacet
  facet normal 0 0 1
    outer loop
      vertex -31.9421 -0.439992 2.5
      vertex -35.1296 -1.2941 2.5
      vertex -35.0346 -1.6072 2.5
    endloop
  endfacet
  facet normal -0 0 1
    outer loop
      vertex -35.2893 0.327015 2.5
      vertex -31.9964 0.111185 2.5
      vertex -35.2572 0.652631 2.5
    endloop
  endfacet
  facet normal 0 0 1
    outer loop
      vertex -31.9673 -0.331653 2.5
      vertex -35.2039 -0.975451 2.5
      vertex -35.1296 -1.2941 2.5
    endloop
  endfacet
  facet normal 0 0 1
    outer loop
      vertex -31.9964 0.111185 2.5
      vertex -35.2893 0.327015 2.5
      vertex -32 0 2.5
    endloop
  endfacet
  facet normal 0 0 1
    outer loop
      vertex -31.9855 -0.221894 2.5
      vertex -35.2572 -0.652631 2.5
      vertex -35.2039 -0.975451 2.5
    endloop
  endfacet
  facet normal 0 0 1
    outer loop
      vertex -35.3 0 2.5
      vertex -32 0 2.5
      vertex -35.2893 0.327015 2.5
    endloop
  endfacet
  facet normal 0 0 1
    outer loop
      vertex -31.9964 -0.111185 2.5
      vertex -35.2893 -0.327015 2.5
      vertex -35.2572 -0.652631 2.5
    endloop
  endfacet
  facet normal 0 0 1
    outer loop
      vertex -32 0 2.5
      vertex -35.3 0 2.5
      vertex -35.2893 -0.327015 2.5
    endloop
  endfacet
  facet normal 0 0 1
    outer loop
      vertex 32 0 2.5
      vertex 35.3 0 2.5
      vertex 35.2893 0.327015 2.5
    endloop
  endfacet
  facet normal 0 0 1
    outer loop
      vertex 31.9964 0.111185 2.5
      vertex 35.2893 0.327015 2.5
      vertex 35.2572 0.652631 2.5
    endloop
  endfacet
  facet normal 0 0 1
    outer loop
      vertex 35.3 0 2.5
      vertex 32 0 2.5
      vertex 35.2893 -0.327015 2.5
    endloop
  endfacet
  facet normal 0 0 1
    outer loop
      vertex 31.9855 0.221894 2.5
      vertex 35.2572 0.652631 2.5
      vertex 35.2039 0.975451 2.5
    endloop
  endfacet
  facet normal -0 0 1
    outer loop
      vertex 31.9964 -0.111185 2.5
      vertex 35.2893 -0.327015 2.5
      vertex 32 0 2.5
    endloop
  endfacet
  facet normal 0 0 1
    outer loop
      vertex 31.9673 0.331653 2.5
      vertex 35.2039 0.975451 2.5
      vertex 35.1296 1.2941 2.5
    endloop
  endfacet
  facet normal 0 0 1
    outer loop
      vertex 35.2893 -0.327015 2.5
      vertex 31.9964 -0.111185 2.5
      vertex 35.2572 -0.652631 2.5
    endloop
  endfacet
  facet normal 0 0 1
    outer loop
      vertex 31.9421 0.439992 2.5
      vertex 35.1296 1.2941 2.5
      vertex 35.0346 1.6072 2.5
    endloop
  endfacet
  facet normal -0 0 1
    outer loop
      vertex 31.9855 -0.221894 2.5
      vertex 35.2572 -0.652631 2.5
      vertex 31.9964 -0.111185 2.5
    endloop
  endfacet
  facet normal 0 0 1
    outer loop
      vertex 31.9098 0.546447 2.5
      vertex 35.0346 1.6072 2.5
      vertex 34.9194 1.91342 2.5
    endloop
  endfacet
  facet normal 0 0 1
    outer loop
      vertex 35.2572 -0.652631 2.5
      vertex 31.9855 -0.221894 2.5
      vertex 35.2039 -0.975451 2.5
    endloop
  endfacet
  facet normal 0 0 1
    outer loop
      vertex 31.8706 0.650561 2.5
      vertex 34.9194 1.91342 2.5
      vertex 34.7844 2.21144 2.5
    endloop
  endfacet
  facet normal -0 0 1
    outer loop
      vertex 31.9673 -0.331653 2.5
      vertex 35.2039 -0.975451 2.5
      vertex 31.9855 -0.221894 2.5
    endloop
  endfacet
  facet normal 0 0 1
    outer loop
      vertex 31.8247 0.75189 2.5
      vertex 34.7844 2.21144 2.5
      vertex 34.6301 2.5 2.5
    endloop
  endfacet
  facet normal 0 0 1
    outer loop
      vertex 35.2039 -0.975451 2.5
      vertex 31.9673 -0.331653 2.5
      vertex 35.1296 -1.2941 2.5
    endloop
  endfacet
  facet normal 0 0 1
    outer loop
      vertex 31.7722 0.849999 2.5
      vertex 34.6301 2.5 2.5
      vertex 34.4573 2.77785 2.5
    endloop
  endfacet
  facet normal -0 0 1
    outer loop
      vertex 31.9421 -0.439992 2.5
      vertex 35.1296 -1.2941 2.5
      vertex 31.9673 -0.331653 2.5
    endloop
  endfacet
  facet normal 0 0 1
    outer loop
      vertex 31.7135 0.944468 2.5
      vertex 34.4573 2.77785 2.5
      vertex 34.2668 3.04381 2.5
    endloop
  endfacet
  facet normal 0 0 1
    outer loop
      vertex 35.1296 -1.2941 2.5
      vertex 31.9421 -0.439992 2.5
      vertex 35.0346 -1.6072 2.5
    endloop
  endfacet
  facet normal 0 0 1
    outer loop
      vertex 31.6487 1.03489 2.5
      vertex 34.2668 3.04381 2.5
      vertex 34.0592 3.29673 2.5
    endloop
  endfacet
  facet normal -0 0 1
    outer loop
      vertex 31.9098 -0.546447 2.5
      vertex 35.0346 -1.6072 2.5
      vertex 31.9421 -0.439992 2.5
    endloop
  endfacet
  facet normal 0 0 1
    outer loop
      vertex 31.5781 1.12089 2.5
      vertex 34.0592 3.29673 2.5
      vertex 33.8355 3.53553 2.5
    endloop
  endfacet
  facet normal 0 0 1
    outer loop
      vertex 35.0346 -1.6072 2.5
      vertex 31.9098 -0.546447 2.5
      vertex 34.9194 -1.91342 2.5
    endloop
  endfacet
  facet normal 0 0 1
    outer loop
      vertex 31.5021 1.20208 2.5
      vertex 33.8355 3.53553 2.5
      vertex 33.5967 3.7592 2.5
    endloop
  endfacet
  facet normal -0 0 1
    outer loop
      vertex 31.8706 -0.650561 2.5
      vertex 34.9194 -1.91342 2.5
      vertex 31.9098 -0.546447 2.5
    endloop
  endfacet
  facet normal 0 0 1
    outer loop
      vertex 31.4209 1.27813 2.5
      vertex 33.5967 3.7592 2.5
      vertex 33.3438 3.96677 2.5
    endloop
  endfacet
  facet normal 0 0 1
    outer loop
      vertex 34.9194 -1.91342 2.5
      vertex 31.8706 -0.650561 2.5
      vertex 34.7844 -2.21144 2.5
    endloop
  endfacet
  facet normal 0 0 1
    outer loop
      vertex 31.3349 1.3487 2.5
      vertex 33.3438 3.96677 2.5
      vertex 33.0779 4.15735 2.5
    endloop
  endfacet
  facet normal -0 0 1
    outer loop
      vertex 31.8247 -0.75189 2.5
      vertex 34.7844 -2.21144 2.5
      vertex 31.8706 -0.650561 2.5
    endloop
  endfacet
  facet normal 0 0 1
    outer loop
      vertex 31.2445 1.4135 2.5
      vertex 33.0779 4.15735 2.5
      vertex 32.8 4.33013 2.5
    endloop
  endfacet
  facet normal 0 0 1
    outer loop
      vertex 34.7844 -2.21144 2.5
      vertex 31.8247 -0.75189 2.5
      vertex 34.6301 -2.5 2.5
    endloop
  endfacet
  facet normal 0 0 1
    outer loop
      vertex 31.15 1.47224 2.5
      vertex 32.8 4.33013 2.5
      vertex 32.5114 4.48436 2.5
    endloop
  endfacet
  facet normal -0 0 1
    outer loop
      vertex 31.7722 -0.849999 2.5
      vertex 34.6301 -2.5 2.5
      vertex 31.8247 -0.75189 2.5
    endloop
  endfacet
  facet normal 0 0 1
    outer loop
      vertex 31.0519 1.52468 2.5
      vertex 32.5114 4.48436 2.5
      vertex 32.2134 4.6194 2.5
    endloop
  endfacet
  facet normal 0 0 1
    outer loop
      vertex 34.6301 -2.5 2.5
      vertex 31.7722 -0.849999 2.5
      vertex 34.4573 -2.77785 2.5
    endloop
  endfacet
  facet normal -0 0 1
    outer loop
      vertex 31.7135 -0.944468 2.5
      vertex 34.4573 -2.77785 2.5
      vertex 31.7722 -0.849999 2.5
    endloop
  endfacet
  facet normal 0 0 1
    outer loop
      vertex 35.2893 0.327015 2.5
      vertex 31.9964 0.111185 2.5
      vertex 32 0 2.5
    endloop
  endfacet
  facet normal 0 0 1
    outer loop
      vertex 35.2572 0.652631 2.5
      vertex 31.9855 0.221894 2.5
      vertex 31.9964 0.111185 2.5
    endloop
  endfacet
  facet normal 0 0 1
    outer loop
      vertex 35.2039 0.975451 2.5
      vertex 31.9673 0.331653 2.5
      vertex 31.9855 0.221894 2.5
    endloop
  endfacet
  facet normal 0 0 1
    outer loop
      vertex 35.1296 1.2941 2.5
      vertex 31.9421 0.439992 2.5
      vertex 31.9673 0.331653 2.5
    endloop
  endfacet
  facet normal 0 0 1
    outer loop
      vertex 35.0346 1.6072 2.5
      vertex 31.9098 0.546447 2.5
      vertex 31.9421 0.439992 2.5
    endloop
  endfacet
  facet normal 0 0 1
    outer loop
      vertex 30.9506 1.57059 2.5
      vertex 32.2134 4.6194 2.5
      vertex 31.9072 4.73465 2.5
    endloop
  endfacet
  facet normal 0 0 1
    outer loop
      vertex 34.9194 1.91342 2.5
      vertex 31.8706 0.650561 2.5
      vertex 31.9098 0.546447 2.5
    endloop
  endfacet
  facet normal 0 0 1
    outer loop
      vertex 34.7844 2.21144 2.5
      vertex 31.8247 0.75189 2.5
      vertex 31.8706 0.650561 2.5
    endloop
  endfacet
  facet normal 0 0 1
    outer loop
      vertex 34.6301 2.5 2.5
      vertex 31.7722 0.849999 2.5
      vertex 31.8247 0.75189 2.5
    endloop
  endfacet
  facet normal 0 0 1
    outer loop
      vertex 34.4573 2.77785 2.5
      vertex 31.7135 0.944468 2.5
      vertex 31.7722 0.849999 2.5
    endloop
  endfacet
  facet normal 0 0 1
    outer loop
      vertex 34.2668 3.04381 2.5
      vertex 31.6487 1.03489 2.5
      vertex 31.7135 0.944468 2.5
    endloop
  endfacet
  facet normal 0 0 1
    outer loop
      vertex 30.8464 1.60978 2.5
      vertex 31.9072 4.73465 2.5
      vertex 31.5941 4.82963 2.5
    endloop
  endfacet
  facet normal 0 0 1
    outer loop
      vertex 34.0592 3.29673 2.5
      vertex 31.5781 1.12089 2.5
      vertex 31.6487 1.03489 2.5
    endloop
  endfacet
  facet normal 0 0 1
    outer loop
      vertex 33.8355 3.53553 2.5
      vertex 31.5021 1.20208 2.5
      vertex 31.5781 1.12089 2.5
    endloop
  endfacet
  facet normal 0 0 1
    outer loop
      vertex 33.5967 3.7592 2.5
      vertex 31.4209 1.27813 2.5
      vertex 31.5021 1.20208 2.5
    endloop
  endfacet
  facet normal 0 0 1
    outer loop
      vertex 33.3438 3.96677 2.5
      vertex 31.3349 1.3487 2.5
      vertex 31.4209 1.27813 2.5
    endloop
  endfacet
  facet normal 0 0 1
    outer loop
      vertex 30.74 1.64207 2.5
      vertex 31.5941 4.82963 2.5
      vertex 31.2755 4.90393 2.5
    endloop
  endfacet
  facet normal 0 0 1
    outer loop
      vertex 33.0779 4.15735 2.5
      vertex 31.2445 1.4135 2.5
      vertex 31.3349 1.3487 2.5
    endloop
  endfacet
  facet normal 0 0 1
    outer loop
      vertex 32.8 4.33013 2.5
      vertex 31.15 1.47224 2.5
      vertex 31.2445 1.4135 2.5
    endloop
  endfacet
  facet normal 0 0 1
    outer loop
      vertex 32.5114 4.48436 2.5
      vertex 31.0519 1.52468 2.5
      vertex 31.15 1.47224 2.5
    endloop
  endfacet
  facet normal 0 0 1
    outer loop
      vertex 30.6317 1.66733 2.5
      vertex 31.2755 4.90393 2.5
      vertex 30.9526 4.95722 2.5
    endloop
  endfacet
  facet normal 0 0 1
    outer loop
      vertex 32.2134 4.6194 2.5
      vertex 30.9506 1.57059 2.5
      vertex 31.0519 1.52468 2.5
    endloop
  endfacet
  facet normal 0 0 1
    outer loop
      vertex 31.9072 4.73465 2.5
      vertex 30.8464 1.60978 2.5
      vertex 30.9506 1.57059 2.5
    endloop
  endfacet
  facet normal 0 0 1
    outer loop
      vertex 31.5941 4.82963 2.5
      vertex 30.74 1.64207 2.5
      vertex 30.8464 1.60978 2.5
    endloop
  endfacet
  facet normal 0 0 1
    outer loop
      vertex 31.2755 4.90393 2.5
      vertex 30.6317 1.66733 2.5
      vertex 30.74 1.64207 2.5
    endloop
  endfacet
  facet normal 0 0 1
    outer loop
      vertex 30.5219 1.68546 2.5
      vertex 30.9526 4.95722 2.5
      vertex 30.627 4.98929 2.5
    endloop
  endfacet
  facet normal 0 0 1
    outer loop
      vertex 30.9526 4.95722 2.5
      vertex 30.5219 1.68546 2.5
      vertex 30.6317 1.66733 2.5
    endloop
  endfacet
  facet normal 0 0 1
    outer loop
      vertex 30.627 4.98929 2.5
      vertex 30.4112 1.69636 2.5
      vertex 30.5219 1.68546 2.5
    endloop
  endfacet
  facet normal 0 0 1
    outer loop
      vertex 30.3 5 2.5
      vertex 30.4112 1.69636 2.5
      vertex 30.627 4.98929 2.5
    endloop
  endfacet
  facet normal 0 0 1
    outer loop
      vertex 30.3 5 2.5
      vertex 30.3 1.7 2.5
      vertex 30.4112 1.69636 2.5
    endloop
  endfacet
  facet normal 0 0 1
    outer loop
      vertex 30.3 5 2.5
      vertex 30.1888 1.69636 2.5
      vertex 30.3 1.7 2.5
    endloop
  endfacet
  facet normal 0 0 1
    outer loop
      vertex 30.3 5 2.5
      vertex 30.0781 1.68546 2.5
      vertex 30.1888 1.69636 2.5
    endloop
  endfacet
  facet normal 0 0 1
    outer loop
      vertex 30.3 5 2.5
      vertex 29.9683 1.66733 2.5
      vertex 30.0781 1.68546 2.5
    endloop
  endfacet
  facet normal 0 0 1
    outer loop
      vertex 30.3 5 2.5
      vertex 29.86 1.64207 2.5
      vertex 29.9683 1.66733 2.5
    endloop
  endfacet
  facet normal 0 0 1
    outer loop
      vertex 30.3 5 2.5
      vertex 29.7536 1.60978 2.5
      vertex 29.86 1.64207 2.5
    endloop
  endfacet
  facet normal 0 0 1
    outer loop
      vertex 30.3 5 2.5
      vertex 29.6494 1.57059 2.5
      vertex 29.7536 1.60978 2.5
    endloop
  endfacet
  facet normal 0 0 1
    outer loop
      vertex 30.3 5 2.5
      vertex 29.5481 1.52468 2.5
      vertex 29.6494 1.57059 2.5
    endloop
  endfacet
  facet normal 0 0 1
    outer loop
      vertex 30.3 5 2.5
      vertex 29.45 1.47224 2.5
      vertex 29.5481 1.52468 2.5
    endloop
  endfacet
  facet normal 0 0 1
    outer loop
      vertex 30.3 5 2.5
      vertex 29.3555 1.4135 2.5
      vertex 29.45 1.47224 2.5
    endloop
  endfacet
  facet normal 0 0 1
    outer loop
      vertex 30.3 5 2.5
      vertex 29.2651 1.3487 2.5
      vertex 29.3555 1.4135 2.5
    endloop
  endfacet
  facet normal 0 0 1
    outer loop
      vertex 30.3 5 2.5
      vertex 29.1791 1.27813 2.5
      vertex 29.2651 1.3487 2.5
    endloop
  endfacet
  facet normal 0 0 1
    outer loop
      vertex 30.3 5 2.5
      vertex 29.0979 1.20208 2.5
      vertex 29.1791 1.27813 2.5
    endloop
  endfacet
  facet normal 0 0 1
    outer loop
      vertex 30.3 5 2.5
      vertex 29.0219 1.12089 2.5
      vertex 29.0979 1.20208 2.5
    endloop
  endfacet
  facet normal 0 0 1
    outer loop
      vertex 30.3 5 2.5
      vertex 28.9513 1.03489 2.5
      vertex 29.0219 1.12089 2.5
    endloop
  endfacet
  facet normal 0 0 1
    outer loop
      vertex 30.3 5 2.5
      vertex 28.8865 0.944468 2.5
      vertex 28.9513 1.03489 2.5
    endloop
  endfacet
  facet normal -0 0 1
    outer loop
      vertex 15 5 2.5
      vertex 28.8865 0.944468 2.5
      vertex 30.3 5 2.5
    endloop
  endfacet
  facet normal 0 0 1
    outer loop
      vertex 28.8865 0.944468 2.5
      vertex 15 5 2.5
      vertex 28.8278 0.849999 2.5
    endloop
  endfacet
  facet normal 0 0 1
    outer loop
      vertex 28.8278 0.849999 2.5
      vertex 15 5 2.5
      vertex 28.7753 0.75189 2.5
    endloop
  endfacet
  facet normal 0 0 1
    outer loop
      vertex 28.7753 0.75189 2.5
      vertex 15 5 2.5
      vertex 28.7294 0.650561 2.5
    endloop
  endfacet
  facet normal 0 0 1
    outer loop
      vertex 28.6036 0.111185 2.5
      vertex 15 5 2.5
      vertex 28.6 0 2.5
    endloop
  endfacet
  facet normal 0 0 1
    outer loop
      vertex 28.6145 0.221894 2.5
      vertex 15 5 2.5
      vertex 28.6036 0.111185 2.5
    endloop
  endfacet
  facet normal 0 0 1
    outer loop
      vertex 28.6327 0.331653 2.5
      vertex 15 5 2.5
      vertex 28.6145 0.221894 2.5
    endloop
  endfacet
  facet normal 0 0 1
    outer loop
      vertex 28.6579 0.439992 2.5
      vertex 15 5 2.5
      vertex 28.6327 0.331653 2.5
    endloop
  endfacet
  facet normal 0 0 1
    outer loop
      vertex 28.6902 0.546447 2.5
      vertex 15 5 2.5
      vertex 28.6579 0.439992 2.5
    endloop
  endfacet
  facet normal 0 0 1
    outer loop
      vertex 28.7294 0.650561 2.5
      vertex 15 5 2.5
      vertex 28.6902 0.546447 2.5
    endloop
  endfacet
  facet normal 0 0 1
    outer loop
      vertex 34.4573 -2.77785 2.5
      vertex 31.7135 -0.944468 2.5
      vertex 34.2668 -3.04381 2.5
    endloop
  endfacet
  facet normal -0 0 1
    outer loop
      vertex 31.6487 -1.03489 2.5
      vertex 34.2668 -3.04381 2.5
      vertex 31.7135 -0.944468 2.5
    endloop
  endfacet
  facet normal 0 0 1
    outer loop
      vertex 34.2668 -3.04381 2.5
      vertex 31.6487 -1.03489 2.5
      vertex 34.0592 -3.29673 2.5
    endloop
  endfacet
  facet normal -0 0 1
    outer loop
      vertex 31.5781 -1.12089 2.5
      vertex 34.0592 -3.29673 2.5
      vertex 31.6487 -1.03489 2.5
    endloop
  endfacet
  facet normal 0 0 1
    outer loop
      vertex 34.0592 -3.29673 2.5
      vertex 31.5781 -1.12089 2.5
      vertex 33.8355 -3.53553 2.5
    endloop
  endfacet
  facet normal -0 0 1
    outer loop
      vertex 31.5021 -1.20208 2.5
      vertex 33.8355 -3.53553 2.5
      vertex 31.5781 -1.12089 2.5
    endloop
  endfacet
  facet normal 0 0 1
    outer loop
      vertex 33.8355 -3.53553 2.5
      vertex 31.5021 -1.20208 2.5
      vertex 33.5967 -3.7592 2.5
    endloop
  endfacet
  facet normal -0 0 1
    outer loop
      vertex 31.4209 -1.27813 2.5
      vertex 33.5967 -3.7592 2.5
      vertex 31.5021 -1.20208 2.5
    endloop
  endfacet
  facet normal 0 0 1
    outer loop
      vertex 33.5967 -3.7592 2.5
      vertex 31.4209 -1.27813 2.5
      vertex 33.3438 -3.96677 2.5
    endloop
  endfacet
  facet normal -0 0 1
    outer loop
      vertex 31.3349 -1.3487 2.5
      vertex 33.3438 -3.96677 2.5
      vertex 31.4209 -1.27813 2.5
    endloop
  endfacet
  facet normal 0 0 1
    outer loop
      vertex 33.3438 -3.96677 2.5
      vertex 31.3349 -1.3487 2.5
      vertex 33.0779 -4.15735 2.5
    endloop
  endfacet
  facet normal -0 0 1
    outer loop
      vertex 31.2445 -1.4135 2.5
      vertex 33.0779 -4.15735 2.5
      vertex 31.3349 -1.3487 2.5
    endloop
  endfacet
  facet normal 0 0 1
    outer loop
      vertex 33.0779 -4.15735 2.5
      vertex 31.2445 -1.4135 2.5
      vertex 32.8 -4.33013 2.5
    endloop
  endfacet
  facet normal -0 0 1
    outer loop
      vertex 31.15 -1.47224 2.5
      vertex 32.8 -4.33013 2.5
      vertex 31.2445 -1.4135 2.5
    endloop
  endfacet
  facet normal 0 0 1
    outer loop
      vertex 32.8 -4.33013 2.5
      vertex 31.15 -1.47224 2.5
      vertex 32.5114 -4.48436 2.5
    endloop
  endfacet
  facet normal -0 0 1
    outer loop
      vertex 31.0519 -1.52468 2.5
      vertex 32.5114 -4.48436 2.5
      vertex 31.15 -1.47224 2.5
    endloop
  endfacet
  facet normal 0 0 1
    outer loop
      vertex 32.5114 -4.48436 2.5
      vertex 31.0519 -1.52468 2.5
      vertex 32.2134 -4.6194 2.5
    endloop
  endfacet
  facet normal -0 0 1
    outer loop
      vertex 30.9506 -1.57059 2.5
      vertex 32.2134 -4.6194 2.5
      vertex 31.0519 -1.52468 2.5
    endloop
  endfacet
  facet normal 0 0 1
    outer loop
      vertex 32.2134 -4.6194 2.5
      vertex 30.9506 -1.57059 2.5
      vertex 31.9072 -4.73465 2.5
    endloop
  endfacet
  facet normal -0 0 1
    outer loop
      vertex 30.8464 -1.60978 2.5
      vertex 31.9072 -4.73465 2.5
      vertex 30.9506 -1.57059 2.5
    endloop
  endfacet
  facet normal 0 0 1
    outer loop
      vertex 31.9072 -4.73465 2.5
      vertex 30.8464 -1.60978 2.5
      vertex 31.5941 -4.82963 2.5
    endloop
  endfacet
  facet normal -0 0 1
    outer loop
      vertex 30.74 -1.64207 2.5
      vertex 31.5941 -4.82963 2.5
      vertex 30.8464 -1.60978 2.5
    endloop
  endfacet
  facet normal 0 0 1
    outer loop
      vertex 31.5941 -4.82963 2.5
      vertex 30.74 -1.64207 2.5
      vertex 31.2755 -4.90393 2.5
    endloop
  endfacet
  facet normal -0 0 1
    outer loop
      vertex 30.6317 -1.66733 2.5
      vertex 31.2755 -4.90393 2.5
      vertex 30.74 -1.64207 2.5
    endloop
  endfacet
  facet normal 0 0 1
    outer loop
      vertex 31.2755 -4.90393 2.5
      vertex 30.6317 -1.66733 2.5
      vertex 30.9526 -4.95722 2.5
    endloop
  endfacet
  facet normal -0 0 1
    outer loop
      vertex 30.5219 -1.68546 2.5
      vertex 30.9526 -4.95722 2.5
      vertex 30.6317 -1.66733 2.5
    endloop
  endfacet
  facet normal 0 0 1
    outer loop
      vertex 30.9526 -4.95722 2.5
      vertex 30.5219 -1.68546 2.5
      vertex 30.627 -4.98929 2.5
    endloop
  endfacet
  facet normal -0 0 1
    outer loop
      vertex 30.4112 -1.69636 2.5
      vertex 30.627 -4.98929 2.5
      vertex 30.5219 -1.68546 2.5
    endloop
  endfacet
  facet normal -0 0 1
    outer loop
      vertex 30.3 -1.7 2.5
      vertex 30.627 -4.98929 2.5
      vertex 30.4112 -1.69636 2.5
    endloop
  endfacet
  facet normal 0 0 1
    outer loop
      vertex 30.3 -1.7 2.5
      vertex 30.3 -5 2.5
      vertex 30.627 -4.98929 2.5
    endloop
  endfacet
  facet normal 0 0 1
    outer loop
      vertex 30.1888 -1.69636 2.5
      vertex 30.3 -5 2.5
      vertex 30.3 -1.7 2.5
    endloop
  endfacet
  facet normal 0 0 1
    outer loop
      vertex 30.0781 -1.68546 2.5
      vertex 30.3 -5 2.5
      vertex 30.1888 -1.69636 2.5
    endloop
  endfacet
  facet normal 0 0 1
    outer loop
      vertex 29.9683 -1.66733 2.5
      vertex 30.3 -5 2.5
      vertex 30.0781 -1.68546 2.5
    endloop
  endfacet
  facet normal 0 0 1
    outer loop
      vertex 29.86 -1.64207 2.5
      vertex 30.3 -5 2.5
      vertex 29.9683 -1.66733 2.5
    endloop
  endfacet
  facet normal 0 0 1
    outer loop
      vertex 29.7536 -1.60978 2.5
      vertex 30.3 -5 2.5
      vertex 29.86 -1.64207 2.5
    endloop
  endfacet
  facet normal 0 0 1
    outer loop
      vertex 29.6494 -1.57059 2.5
      vertex 30.3 -5 2.5
      vertex 29.7536 -1.60978 2.5
    endloop
  endfacet
  facet normal 0 0 1
    outer loop
      vertex 29.5481 -1.52468 2.5
      vertex 30.3 -5 2.5
      vertex 29.6494 -1.57059 2.5
    endloop
  endfacet
  facet normal 0 0 1
    outer loop
      vertex 29.45 -1.47224 2.5
      vertex 30.3 -5 2.5
      vertex 29.5481 -1.52468 2.5
    endloop
  endfacet
  facet normal 0 0 1
    outer loop
      vertex 29.3555 -1.4135 2.5
      vertex 30.3 -5 2.5
      vertex 29.45 -1.47224 2.5
    endloop
  endfacet
  facet normal 0 0 1
    outer loop
      vertex 29.2651 -1.3487 2.5
      vertex 30.3 -5 2.5
      vertex 29.3555 -1.4135 2.5
    endloop
  endfacet
  facet normal 0 0 1
    outer loop
      vertex 29.1791 -1.27813 2.5
      vertex 30.3 -5 2.5
      vertex 29.2651 -1.3487 2.5
    endloop
  endfacet
  facet normal 0 0 1
    outer loop
      vertex 29.0979 -1.20208 2.5
      vertex 30.3 -5 2.5
      vertex 29.1791 -1.27813 2.5
    endloop
  endfacet
  facet normal 0 0 1
    outer loop
      vertex 29.0219 -1.12089 2.5
      vertex 30.3 -5 2.5
      vertex 29.0979 -1.20208 2.5
    endloop
  endfacet
  facet normal 0 0 1
    outer loop
      vertex 28.9513 -1.03489 2.5
      vertex 30.3 -5 2.5
      vertex 29.0219 -1.12089 2.5
    endloop
  endfacet
  facet normal 0 0 1
    outer loop
      vertex 28.8865 -0.944468 2.5
      vertex 30.3 -5 2.5
      vertex 28.9513 -1.03489 2.5
    endloop
  endfacet
  facet normal 0 0 1
    outer loop
      vertex 15 -5 2.5
      vertex 28.8865 -0.944468 2.5
      vertex 28.8278 -0.849999 2.5
    endloop
  endfacet
  facet normal 0 0 1
    outer loop
      vertex 15 -5 2.5
      vertex 28.8278 -0.849999 2.5
      vertex 28.7753 -0.75189 2.5
    endloop
  endfacet
  facet normal 0 0 1
    outer loop
      vertex 15 -5 2.5
      vertex 28.7753 -0.75189 2.5
      vertex 28.7294 -0.650561 2.5
    endloop
  endfacet
  facet normal 0 0 1
    outer loop
      vertex 15 -5 2.5
      vertex 28.7294 -0.650561 2.5
      vertex 28.6902 -0.546447 2.5
    endloop
  endfacet
  facet normal 0 0 1
    outer loop
      vertex 15 -5 2.5
      vertex 28.6 0 2.5
      vertex 15 5 2.5
    endloop
  endfacet
  facet normal 0 0 1
    outer loop
      vertex 28.6 0 2.5
      vertex 15 -5 2.5
      vertex 28.6036 -0.111185 2.5
    endloop
  endfacet
  facet normal 0 0 1
    outer loop
      vertex 28.6036 -0.111185 2.5
      vertex 15 -5 2.5
      vertex 28.6145 -0.221894 2.5
    endloop
  endfacet
  facet normal 0 0 1
    outer loop
      vertex 28.6145 -0.221894 2.5
      vertex 15 -5 2.5
      vertex 28.6327 -0.331653 2.5
    endloop
  endfacet
  facet normal 0 0 1
    outer loop
      vertex 28.6327 -0.331653 2.5
      vertex 15 -5 2.5
      vertex 28.6579 -0.439992 2.5
    endloop
  endfacet
  facet normal 0 0 1
    outer loop
      vertex 28.6579 -0.439992 2.5
      vertex 15 -5 2.5
      vertex 28.6902 -0.546447 2.5
    endloop
  endfacet
  facet normal 0 0 1
    outer loop
      vertex 28.8865 -0.944468 2.5
      vertex 15 -5 2.5
      vertex 30.3 -5 2.5
    endloop
  endfacet
  facet normal -0 0 1
    outer loop
      vertex -9 5 2.5
      vertex 9 -5 2.5
      vertex 9 5 2.5
    endloop
  endfacet
  facet normal 0 0 1
    outer loop
      vertex 9 -5 2.5
      vertex -9 5 2.5
      vertex -9 -5 2.5
    endloop
  endfacet
  facet normal -0.812969 -0.582308 0
    outer loop
      vertex -34.2668 -3.04381 0
      vertex -34.4573 -2.77785 2.5
      vertex -34.4573 -2.77785 0
    endloop
  endfacet
  facet normal -0.812969 -0.582308 0
    outer loop
      vertex -34.4573 -2.77785 2.5
      vertex -34.2668 -3.04381 0
      vertex -34.2668 -3.04381 2.5
    endloop
  endfacet
  facet normal -0.935959 -0.352108 0
    outer loop
      vertex -34.9194 -1.91342 0
      vertex -35.0346 -1.6072 2.5
      vertex -35.0346 -1.6072 0
    endloop
  endfacet
  facet normal -0.935959 -0.352108 0
    outer loop
      vertex -35.0346 -1.6072 2.5
      vertex -34.9194 -1.91342 0
      vertex -34.9194 -1.91342 2.5
    endloop
  endfacet
  facet normal -0.9109 -0.412628 0
    outer loop
      vertex -34.7844 -2.21144 0
      vertex -34.9194 -1.91342 2.5
      vertex -34.9194 -1.91342 0
    endloop
  endfacet
  facet normal -0.9109 -0.412628 0
    outer loop
      vertex -34.9194 -1.91342 2.5
      vertex -34.7844 -2.21144 0
      vertex -34.7844 -2.21144 2.5
    endloop
  endfacet
  facet normal 0.812969 0.582308 0
    outer loop
      vertex 34.4573 2.77785 2.5
      vertex 34.2668 3.04381 0
      vertex 34.2668 3.04381 2.5
    endloop
  endfacet
  facet normal 0.812969 0.582308 0
    outer loop
      vertex 34.2668 3.04381 0
      vertex 34.4573 2.77785 2.5
      vertex 34.4573 2.77785 0
    endloop
  endfacet
  facet normal -0.849172 -0.528116 0
    outer loop
      vertex -34.4573 -2.77785 0
      vertex -34.6301 -2.5 2.5
      vertex -34.6301 -2.5 0
    endloop
  endfacet
  facet normal -0.849172 -0.528116 0
    outer loop
      vertex -34.6301 -2.5 2.5
      vertex -34.4573 -2.77785 0
      vertex -34.4573 -2.77785 2.5
    endloop
  endfacet
  facet normal 0.471326 -0.881959 0
    outer loop
      vertex 32.5114 -4.48436 0
      vertex 32.8 -4.33013 2.5
      vertex 32.5114 -4.48436 2.5
    endloop
  endfacet
  facet normal 0.471326 -0.881959 0
    outer loop
      vertex 32.8 -4.33013 2.5
      vertex 32.5114 -4.48436 0
      vertex 32.8 -4.33013 0
    endloop
  endfacet
  facet normal -0.290291 -0.956939 0
    outer loop
      vertex -31.9072 -4.73465 0
      vertex -31.5941 -4.82963 2.5
      vertex -31.9072 -4.73465 2.5
    endloop
  endfacet
  facet normal -0.290291 -0.956939 -0
    outer loop
      vertex -31.5941 -4.82963 2.5
      vertex -31.9072 -4.73465 0
      vertex -31.5941 -4.82963 0
    endloop
  endfacet
  facet normal -0.999465 -0.0327027 0
    outer loop
      vertex -35.2893 -0.327015 0
      vertex -35.3 0 2.5
      vertex -35.3 0 0
    endloop
  endfacet
  facet normal -0.999465 -0.0327027 0
    outer loop
      vertex -35.3 0 2.5
      vertex -35.2893 -0.327015 0
      vertex -35.2893 -0.327015 2.5
    endloop
  endfacet
  facet normal 0.582556 -0.812791 0
    outer loop
      vertex 33.0779 -4.15735 0
      vertex 33.3438 -3.96677 2.5
      vertex 33.0779 -4.15735 2.5
    endloop
  endfacet
  facet normal 0.582556 -0.812791 0
    outer loop
      vertex 33.3438 -3.96677 2.5
      vertex 33.0779 -4.15735 0
      vertex 33.3438 -3.96677 0
    endloop
  endfacet
  facet normal 0.999465 0.0327027 0
    outer loop
      vertex 35.3 0 2.5
      vertex 35.2893 0.327015 0
      vertex 35.2893 0.327015 2.5
    endloop
  endfacet
  facet normal 0.999465 0.0327027 0
    outer loop
      vertex 35.2893 0.327015 0
      vertex 35.3 0 2.5
      vertex 35.3 0 0
    endloop
  endfacet
  facet normal 0.986642 0.162902 0
    outer loop
      vertex 35.2572 0.652631 2.5
      vertex 35.2039 0.975451 0
      vertex 35.2039 0.975451 2.5
    endloop
  endfacet
  facet normal 0.986642 0.162902 0
    outer loop
      vertex 35.2039 0.975451 0
      vertex 35.2572 0.652631 2.5
      vertex 35.2572 0.652631 0
    endloop
  endfacet
  facet normal 0.973876 -0.227081 0
    outer loop
      vertex 35.1296 -1.2941 2.5
      vertex 35.2039 -0.975451 0
      vertex 35.2039 -0.975451 2.5
    endloop
  endfacet
  facet normal 0.973876 -0.227081 0
    outer loop
      vertex 35.2039 -0.975451 0
      vertex 35.1296 -1.2941 2.5
      vertex 35.1296 -1.2941 0
    endloop
  endfacet
  facet normal 0.77296 0.634455 0
    outer loop
      vertex 34.2668 3.04381 2.5
      vertex 34.0592 3.29673 0
      vertex 34.0592 3.29673 2.5
    endloop
  endfacet
  facet normal 0.77296 0.634455 0
    outer loop
      vertex 34.0592 3.29673 0
      vertex 34.2668 3.04381 2.5
      vertex 34.2668 3.04381 0
    endloop
  endfacet
  facet normal 0.227114 0.973868 -0
    outer loop
      vertex 31.5941 4.82963 0
      vertex 31.2755 4.90393 2.5
      vertex 31.5941 4.82963 2.5
    endloop
  endfacet
  facet normal 0.227114 0.973868 0
    outer loop
      vertex 31.2755 4.90393 2.5
      vertex 31.5941 4.82963 0
      vertex 31.2755 4.90393 0
    endloop
  endfacet
  facet normal 0.881843 0.471543 0
    outer loop
      vertex 34.7844 2.21144 2.5
      vertex 34.6301 2.5 0
      vertex 34.6301 2.5 2.5
    endloop
  endfacet
  facet normal 0.881843 0.471543 0
    outer loop
      vertex 34.6301 2.5 0
      vertex 34.7844 2.21144 2.5
      vertex 34.7844 2.21144 0
    endloop
  endfacet
  facet normal 0 0 -1
    outer loop
      vertex 32 0 0
      vertex 35.3 0 0
      vertex 35.2893 -0.327015 0
    endloop
  endfacet
  facet normal 0 0 -1
    outer loop
      vertex 31.9964 -0.111185 0
      vertex 35.2893 -0.327015 0
      vertex 35.2572 -0.652631 0
    endloop
  endfacet
  facet normal 0 0 -1
    outer loop
      vertex 35.3 0 0
      vertex 32 0 0
      vertex 35.2893 0.327015 0
    endloop
  endfacet
  facet normal 0 0 -1
    outer loop
      vertex 31.9855 -0.221894 0
      vertex 35.2572 -0.652631 0
      vertex 35.2039 -0.975451 0
    endloop
  endfacet
  facet normal 0 0 -1
    outer loop
      vertex 31.9964 0.111185 0
      vertex 35.2893 0.327015 0
      vertex 32 0 0
    endloop
  endfacet
  facet normal 0 0 -1
    outer loop
      vertex 31.9673 -0.331653 0
      vertex 35.2039 -0.975451 0
      vertex 35.1296 -1.2941 0
    endloop
  endfacet
  facet normal -0 0 -1
    outer loop
      vertex 35.2893 0.327015 0
      vertex 31.9964 0.111185 0
      vertex 35.2572 0.652631 0
    endloop
  endfacet
  facet normal 0 0 -1
    outer loop
      vertex 31.9421 -0.439992 0
      vertex 35.1296 -1.2941 0
      vertex 35.0346 -1.6072 0
    endloop
  endfacet
  facet normal 0 0 -1
    outer loop
      vertex 31.9855 0.221894 0
      vertex 35.2572 0.652631 0
      vertex 31.9964 0.111185 0
    endloop
  endfacet
  facet normal 0 0 -1
    outer loop
      vertex 31.9098 -0.546447 0
      vertex 35.0346 -1.6072 0
      vertex 34.9194 -1.91342 0
    endloop
  endfacet
  facet normal -0 0 -1
    outer loop
      vertex 35.2572 0.652631 0
      vertex 31.9855 0.221894 0
      vertex 35.2039 0.975451 0
    endloop
  endfacet
  facet normal 0 0 -1
    outer loop
      vertex 31.8706 -0.650561 0
      vertex 34.9194 -1.91342 0
      vertex 34.7844 -2.21144 0
    endloop
  endfacet
  facet normal 0 0 -1
    outer loop
      vertex 31.9673 0.331653 0
      vertex 35.2039 0.975451 0
      vertex 31.9855 0.221894 0
    endloop
  endfacet
  facet normal 0 0 -1
    outer loop
      vertex 31.8247 -0.75189 0
      vertex 34.7844 -2.21144 0
      vertex 34.6301 -2.5 0
    endloop
  endfacet
  facet normal -0 0 -1
    outer loop
      vertex 35.2039 0.975451 0
      vertex 31.9673 0.331653 0
      vertex 35.1296 1.2941 0
    endloop
  endfacet
  facet normal 0 0 -1
    outer loop
      vertex 31.7722 -0.849999 0
      vertex 34.6301 -2.5 0
      vertex 34.4573 -2.77785 0
    endloop
  endfacet
  facet normal 0 0 -1
    outer loop
      vertex 31.9421 0.439992 0
      vertex 35.1296 1.2941 0
      vertex 31.9673 0.331653 0
    endloop
  endfacet
  facet normal 0 0 -1
    outer loop
      vertex 31.7135 -0.944468 0
      vertex 34.4573 -2.77785 0
      vertex 34.2668 -3.04381 0
    endloop
  endfacet
  facet normal -0 0 -1
    outer loop
      vertex 35.1296 1.2941 0
      vertex 31.9421 0.439992 0
      vertex 35.0346 1.6072 0
    endloop
  endfacet
  facet normal 0 0 -1
    outer loop
      vertex 31.6487 -1.03489 0
      vertex 34.2668 -3.04381 0
      vertex 34.0592 -3.29673 0
    endloop
  endfacet
  facet normal 0 0 -1
    outer loop
      vertex 31.9098 0.546447 0
      vertex 35.0346 1.6072 0
      vertex 31.9421 0.439992 0
    endloop
  endfacet
  facet normal 0 0 -1
    outer loop
      vertex 31.5781 -1.12089 0
      vertex 34.0592 -3.29673 0
      vertex 33.8355 -3.53553 0
    endloop
  endfacet
  facet normal -0 0 -1
    outer loop
      vertex 35.0346 1.6072 0
      vertex 31.9098 0.546447 0
      vertex 34.9194 1.91342 0
    endloop
  endfacet
  facet normal 0 0 -1
    outer loop
      vertex 31.5021 -1.20208 0
      vertex 33.8355 -3.53553 0
      vertex 33.5967 -3.7592 0
    endloop
  endfacet
  facet normal 0 0 -1
    outer loop
      vertex 31.8706 0.650561 0
      vertex 34.9194 1.91342 0
      vertex 31.9098 0.546447 0
    endloop
  endfacet
  facet normal 0 0 -1
    outer loop
      vertex 31.4209 -1.27813 0
      vertex 33.5967 -3.7592 0
      vertex 33.3438 -3.96677 0
    endloop
  endfacet
  facet normal -0 0 -1
    outer loop
      vertex 34.9194 1.91342 0
      vertex 31.8706 0.650561 0
      vertex 34.7844 2.21144 0
    endloop
  endfacet
  facet normal 0 0 -1
    outer loop
      vertex 31.3349 -1.3487 0
      vertex 33.3438 -3.96677 0
      vertex 33.0779 -4.15735 0
    endloop
  endfacet
  facet normal 0 0 -1
    outer loop
      vertex 31.8247 0.75189 0
      vertex 34.7844 2.21144 0
      vertex 31.8706 0.650561 0
    endloop
  endfacet
  facet normal 0 0 -1
    outer loop
      vertex 31.2445 -1.4135 0
      vertex 33.0779 -4.15735 0
      vertex 32.8 -4.33013 0
    endloop
  endfacet
  facet normal -0 0 -1
    outer loop
      vertex 34.7844 2.21144 0
      vertex 31.8247 0.75189 0
      vertex 34.6301 2.5 0
    endloop
  endfacet
  facet normal 0 0 -1
    outer loop
      vertex 31.15 -1.47224 0
      vertex 32.8 -4.33013 0
      vertex 32.5114 -4.48436 0
    endloop
  endfacet
  facet normal 0 0 -1
    outer loop
      vertex 31.7722 0.849999 0
      vertex 34.6301 2.5 0
      vertex 31.8247 0.75189 0
    endloop
  endfacet
  facet normal 0 0 -1
    outer loop
      vertex 31.0519 -1.52468 0
      vertex 32.5114 -4.48436 0
      vertex 32.2134 -4.6194 0
    endloop
  endfacet
  facet normal -0 0 -1
    outer loop
      vertex 34.6301 2.5 0
      vertex 31.7722 0.849999 0
      vertex 34.4573 2.77785 0
    endloop
  endfacet
  facet normal 0 0 -1
    outer loop
      vertex 31.7135 0.944468 0
      vertex 34.4573 2.77785 0
      vertex 31.7722 0.849999 0
    endloop
  endfacet
  facet normal 0 0 -1
    outer loop
      vertex 35.2893 -0.327015 0
      vertex 31.9964 -0.111185 0
      vertex 32 0 0
    endloop
  endfacet
  facet normal 0 0 -1
    outer loop
      vertex 35.2572 -0.652631 0
      vertex 31.9855 -0.221894 0
      vertex 31.9964 -0.111185 0
    endloop
  endfacet
  facet normal 0 0 -1
    outer loop
      vertex 35.2039 -0.975451 0
      vertex 31.9673 -0.331653 0
      vertex 31.9855 -0.221894 0
    endloop
  endfacet
  facet normal 0 0 -1
    outer loop
      vertex 35.1296 -1.2941 0
      vertex 31.9421 -0.439992 0
      vertex 31.9673 -0.331653 0
    endloop
  endfacet
  facet normal 0 0 -1
    outer loop
      vertex 35.0346 -1.6072 0
      vertex 31.9098 -0.546447 0
      vertex 31.9421 -0.439992 0
    endloop
  endfacet
  facet normal 0 0 -1
    outer loop
      vertex 30.9506 -1.57059 0
      vertex 32.2134 -4.6194 0
      vertex 31.9072 -4.73465 0
    endloop
  endfacet
  facet normal 0 0 -1
    outer loop
      vertex 34.9194 -1.91342 0
      vertex 31.8706 -0.650561 0
      vertex 31.9098 -0.546447 0
    endloop
  endfacet
  facet normal 0 0 -1
    outer loop
      vertex 34.7844 -2.21144 0
      vertex 31.8247 -0.75189 0
      vertex 31.8706 -0.650561 0
    endloop
  endfacet
  facet normal 0 0 -1
    outer loop
      vertex 34.6301 -2.5 0
      vertex 31.7722 -0.849999 0
      vertex 31.8247 -0.75189 0
    endloop
  endfacet
  facet normal 0 0 -1
    outer loop
      vertex 34.4573 -2.77785 0
      vertex 31.7135 -0.944468 0
      vertex 31.7722 -0.849999 0
    endloop
  endfacet
  facet normal 0 0 -1
    outer loop
      vertex 34.2668 -3.04381 0
      vertex 31.6487 -1.03489 0
      vertex 31.7135 -0.944468 0
    endloop
  endfacet
  facet normal 0 0 -1
    outer loop
      vertex 30.8464 -1.60978 0
      vertex 31.9072 -4.73465 0
      vertex 31.5941 -4.82963 0
    endloop
  endfacet
  facet normal 0 0 -1
    outer loop
      vertex 34.0592 -3.29673 0
      vertex 31.5781 -1.12089 0
      vertex 31.6487 -1.03489 0
    endloop
  endfacet
  facet normal 0 0 -1
    outer loop
      vertex 33.8355 -3.53553 0
      vertex 31.5021 -1.20208 0
      vertex 31.5781 -1.12089 0
    endloop
  endfacet
  facet normal 0 0 -1
    outer loop
      vertex 33.5967 -3.7592 0
      vertex 31.4209 -1.27813 0
      vertex 31.5021 -1.20208 0
    endloop
  endfacet
  facet normal 0 0 -1
    outer loop
      vertex 33.3438 -3.96677 0
      vertex 31.3349 -1.3487 0
      vertex 31.4209 -1.27813 0
    endloop
  endfacet
  facet normal 0 0 -1
    outer loop
      vertex 30.74 -1.64207 0
      vertex 31.5941 -4.82963 0
      vertex 31.2755 -4.90393 0
    endloop
  endfacet
  facet normal 0 0 -1
    outer loop
      vertex 33.0779 -4.15735 0
      vertex 31.2445 -1.4135 0
      vertex 31.3349 -1.3487 0
    endloop
  endfacet
  facet normal 0 0 -1
    outer loop
      vertex 32.8 -4.33013 0
      vertex 31.15 -1.47224 0
      vertex 31.2445 -1.4135 0
    endloop
  endfacet
  facet normal 0 0 -1
    outer loop
      vertex 32.5114 -4.48436 0
      vertex 31.0519 -1.52468 0
      vertex 31.15 -1.47224 0
    endloop
  endfacet
  facet normal 0 0 -1
    outer loop
      vertex 30.6317 -1.66733 0
      vertex 31.2755 -4.90393 0
      vertex 30.9526 -4.95722 0
    endloop
  endfacet
  facet normal 0 0 -1
    outer loop
      vertex 32.2134 -4.6194 0
      vertex 30.9506 -1.57059 0
      vertex 31.0519 -1.52468 0
    endloop
  endfacet
  facet normal 0 0 -1
    outer loop
      vertex 31.9072 -4.73465 0
      vertex 30.8464 -1.60978 0
      vertex 30.9506 -1.57059 0
    endloop
  endfacet
  facet normal 0 0 -1
    outer loop
      vertex 31.5941 -4.82963 0
      vertex 30.74 -1.64207 0
      vertex 30.8464 -1.60978 0
    endloop
  endfacet
  facet normal 0 0 -1
    outer loop
      vertex 31.2755 -4.90393 0
      vertex 30.6317 -1.66733 0
      vertex 30.74 -1.64207 0
    endloop
  endfacet
  facet normal 0 0 -1
    outer loop
      vertex 30.5219 -1.68546 0
      vertex 30.9526 -4.95722 0
      vertex 30.627 -4.98929 0
    endloop
  endfacet
  facet normal 0 0 -1
    outer loop
      vertex 30.9526 -4.95722 0
      vertex 30.5219 -1.68546 0
      vertex 30.6317 -1.66733 0
    endloop
  endfacet
  facet normal 0 0 -1
    outer loop
      vertex 30.627 -4.98929 0
      vertex 30.4112 -1.69636 0
      vertex 30.5219 -1.68546 0
    endloop
  endfacet
  facet normal 0 0 -1
    outer loop
      vertex 30.3 -5 0
      vertex 30.4112 -1.69636 0
      vertex 30.627 -4.98929 0
    endloop
  endfacet
  facet normal 0 0 -1
    outer loop
      vertex 30.3 -5 0
      vertex 30.3 -1.7 0
      vertex 30.4112 -1.69636 0
    endloop
  endfacet
  facet normal 0 0 -1
    outer loop
      vertex 30.3 -5 0
      vertex 30.1888 -1.69636 0
      vertex 30.3 -1.7 0
    endloop
  endfacet
  facet normal 0 0 -1
    outer loop
      vertex 30.3 -5 0
      vertex 30.0781 -1.68546 0
      vertex 30.1888 -1.69636 0
    endloop
  endfacet
  facet normal 0 0 -1
    outer loop
      vertex 30.3 -5 0
      vertex 29.9683 -1.66733 0
      vertex 30.0781 -1.68546 0
    endloop
  endfacet
  facet normal 0 0 -1
    outer loop
      vertex 30.3 -5 0
      vertex 29.86 -1.64207 0
      vertex 29.9683 -1.66733 0
    endloop
  endfacet
  facet normal 0 0 -1
    outer loop
      vertex 30.3 -5 0
      vertex 29.7536 -1.60978 0
      vertex 29.86 -1.64207 0
    endloop
  endfacet
  facet normal 0 0 -1
    outer loop
      vertex 30.3 -5 0
      vertex 29.6494 -1.57059 0
      vertex 29.7536 -1.60978 0
    endloop
  endfacet
  facet normal 0 0 -1
    outer loop
      vertex 30.3 -5 0
      vertex 29.5481 -1.52468 0
      vertex 29.6494 -1.57059 0
    endloop
  endfacet
  facet normal 0 0 -1
    outer loop
      vertex 30.3 -5 0
      vertex 29.45 -1.47224 0
      vertex 29.5481 -1.52468 0
    endloop
  endfacet
  facet normal 0 0 -1
    outer loop
      vertex 30.3 -5 0
      vertex 29.3555 -1.4135 0
      vertex 29.45 -1.47224 0
    endloop
  endfacet
  facet normal 0 0 -1
    outer loop
      vertex 30.3 -5 0
      vertex 29.2651 -1.3487 0
      vertex 29.3555 -1.4135 0
    endloop
  endfacet
  facet normal 0 0 -1
    outer loop
      vertex 30.3 -5 0
      vertex 29.1791 -1.27813 0
      vertex 29.2651 -1.3487 0
    endloop
  endfacet
  facet normal 0 0 -1
    outer loop
      vertex 30.3 -5 0
      vertex 29.0979 -1.20208 0
      vertex 29.1791 -1.27813 0
    endloop
  endfacet
  facet normal 0 0 -1
    outer loop
      vertex 30.3 -5 0
      vertex 29.0219 -1.12089 0
      vertex 29.0979 -1.20208 0
    endloop
  endfacet
  facet normal 0 0 -1
    outer loop
      vertex 30.3 -5 0
      vertex 28.9513 -1.03489 0
      vertex 29.0219 -1.12089 0
    endloop
  endfacet
  facet normal 0 0 -1
    outer loop
      vertex 30.3 -5 0
      vertex 28.8865 -0.944468 0
      vertex 28.9513 -1.03489 0
    endloop
  endfacet
  facet normal 0 0 -1
    outer loop
      vertex 30.3 -5 0
      vertex 28.8278 -0.849999 0
      vertex 28.8865 -0.944468 0
    endloop
  endfacet
  facet normal 0 0 -1
    outer loop
      vertex 30.3 -5 0
      vertex 28.7753 -0.75189 0
      vertex 28.8278 -0.849999 0
    endloop
  endfacet
  facet normal 0 0 -1
    outer loop
      vertex 30.3 -5 0
      vertex 28.7294 -0.650561 0
      vertex 28.7753 -0.75189 0
    endloop
  endfacet
  facet normal 0 0 -1
    outer loop
      vertex -28.7294 -0.650561 0
      vertex 28.7294 -0.650561 0
      vertex 30.3 -5 0
    endloop
  endfacet
  facet normal 0 0 -1
    outer loop
      vertex 28.6036 -0.111185 0
      vertex -28.6 0 0
      vertex 28.6 0 0
    endloop
  endfacet
  facet normal 0 0 -1
    outer loop
      vertex -28.6036 -0.111185 0
      vertex 28.6036 -0.111185 0
      vertex 28.6145 -0.221894 0
    endloop
  endfacet
  facet normal 0 0 -1
    outer loop
      vertex -28.6145 -0.221894 0
      vertex 28.6145 -0.221894 0
      vertex 28.6327 -0.331653 0
    endloop
  endfacet
  facet normal 0 0 -1
    outer loop
      vertex -28.6327 -0.331653 0
      vertex 28.6327 -0.331653 0
      vertex 28.6579 -0.439992 0
    endloop
  endfacet
  facet normal 0 0 -1
    outer loop
      vertex -28.6579 -0.439992 0
      vertex 28.6579 -0.439992 0
      vertex 28.6902 -0.546447 0
    endloop
  endfacet
  facet normal 0 0 -1
    outer loop
      vertex 28.7294 -0.650561 0
      vertex -28.7294 -0.650561 0
      vertex 28.6902 -0.546447 0
    endloop
  endfacet
  facet normal 0 0 -1
    outer loop
      vertex 28.6036 -0.111185 0
      vertex -28.6036 -0.111185 0
      vertex -28.6 0 0
    endloop
  endfacet
  facet normal 0 0 -1
    outer loop
      vertex 28.6145 -0.221894 0
      vertex -28.6145 -0.221894 0
      vertex -28.6036 -0.111185 0
    endloop
  endfacet
  facet normal 0 0 -1
    outer loop
      vertex 28.6327 -0.331653 0
      vertex -28.6327 -0.331653 0
      vertex -28.6145 -0.221894 0
    endloop
  endfacet
  facet normal 0 0 -1
    outer loop
      vertex 28.6579 -0.439992 0
      vertex -28.6579 -0.439992 0
      vertex -28.6327 -0.331653 0
    endloop
  endfacet
  facet normal 0 0 -1
    outer loop
      vertex 28.6902 -0.546447 0
      vertex -28.6902 -0.546447 0
      vertex -28.6579 -0.439992 0
    endloop
  endfacet
  facet normal -0 0 -1
    outer loop
      vertex 28.6902 -0.546447 0
      vertex -28.7294 -0.650561 0
      vertex -28.6902 -0.546447 0
    endloop
  endfacet
  facet normal 0 0 -1
    outer loop
      vertex 30.3 -5 0
      vertex -28.7753 -0.75189 0
      vertex -28.7294 -0.650561 0
    endloop
  endfacet
  facet normal 0 0 -1
    outer loop
      vertex -30.3 -5 0
      vertex -28.7753 -0.75189 0
      vertex 30.3 -5 0
    endloop
  endfacet
  facet normal 0 0 -1
    outer loop
      vertex -28.7753 -0.75189 0
      vertex -30.3 -5 0
      vertex -28.8278 -0.849999 0
    endloop
  endfacet
  facet normal 0 0 -1
    outer loop
      vertex -28.8278 -0.849999 0
      vertex -30.3 -5 0
      vertex -28.8865 -0.944468 0
    endloop
  endfacet
  facet normal 0 0 -1
    outer loop
      vertex -28.8865 -0.944468 0
      vertex -30.3 -5 0
      vertex -28.9513 -1.03489 0
    endloop
  endfacet
  facet normal 0 0 -1
    outer loop
      vertex -28.9513 -1.03489 0
      vertex -30.3 -5 0
      vertex -29.0219 -1.12089 0
    endloop
  endfacet
  facet normal 0 0 -1
    outer loop
      vertex -29.0219 -1.12089 0
      vertex -30.3 -5 0
      vertex -29.0979 -1.20208 0
    endloop
  endfacet
  facet normal 0 0 -1
    outer loop
      vertex -29.0979 -1.20208 0
      vertex -30.3 -5 0
      vertex -29.1791 -1.27813 0
    endloop
  endfacet
  facet normal 0 0 -1
    outer loop
      vertex -29.1791 -1.27813 0
      vertex -30.3 -5 0
      vertex -29.2651 -1.3487 0
    endloop
  endfacet
  facet normal 0 0 -1
    outer loop
      vertex -29.2651 -1.3487 0
      vertex -30.3 -5 0
      vertex -29.3555 -1.4135 0
    endloop
  endfacet
  facet normal 0 0 -1
    outer loop
      vertex -29.3555 -1.4135 0
      vertex -30.3 -5 0
      vertex -29.45 -1.47224 0
    endloop
  endfacet
  facet normal 0 0 -1
    outer loop
      vertex -29.45 -1.47224 0
      vertex -30.3 -5 0
      vertex -29.5481 -1.52468 0
    endloop
  endfacet
  facet normal 0 0 -1
    outer loop
      vertex -29.5481 -1.52468 0
      vertex -30.3 -5 0
      vertex -29.6494 -1.57059 0
    endloop
  endfacet
  facet normal 0 0 -1
    outer loop
      vertex -29.6494 -1.57059 0
      vertex -30.3 -5 0
      vertex -29.7536 -1.60978 0
    endloop
  endfacet
  facet normal 0 0 -1
    outer loop
      vertex -29.7536 -1.60978 0
      vertex -30.3 -5 0
      vertex -29.86 -1.64207 0
    endloop
  endfacet
  facet normal 0 0 -1
    outer loop
      vertex -29.86 -1.64207 0
      vertex -30.3 -5 0
      vertex -29.9683 -1.66733 0
    endloop
  endfacet
  facet normal 0 0 -1
    outer loop
      vertex -29.9683 -1.66733 0
      vertex -30.3 -5 0
      vertex -30.0781 -1.68546 0
    endloop
  endfacet
  facet normal 0 0 -1
    outer loop
      vertex -30.0781 -1.68546 0
      vertex -30.3 -5 0
      vertex -30.1888 -1.69636 0
    endloop
  endfacet
  facet normal 0 0 -1
    outer loop
      vertex -30.3 -5 0
      vertex -30.3 -1.7 0
      vertex -30.1888 -1.69636 0
    endloop
  endfacet
  facet normal 0 0 -1
    outer loop
      vertex -30.3 -5 0
      vertex -30.4112 -1.69636 0
      vertex -30.3 -1.7 0
    endloop
  endfacet
  facet normal 0 0 -1
    outer loop
      vertex -30.627 -4.98929 0
      vertex -30.4112 -1.69636 0
      vertex -30.3 -5 0
    endloop
  endfacet
  facet normal -0 0 -1
    outer loop
      vertex -30.4112 -1.69636 0
      vertex -30.627 -4.98929 0
      vertex -30.5219 -1.68546 0
    endloop
  endfacet
  facet normal 0 0 -1
    outer loop
      vertex -30.9526 -4.95722 0
      vertex -30.5219 -1.68546 0
      vertex -30.627 -4.98929 0
    endloop
  endfacet
  facet normal -0 0 -1
    outer loop
      vertex -30.5219 -1.68546 0
      vertex -30.9526 -4.95722 0
      vertex -30.6317 -1.66733 0
    endloop
  endfacet
  facet normal 0 0 -1
    outer loop
      vertex -31.2755 -4.90393 0
      vertex -30.6317 -1.66733 0
      vertex -30.9526 -4.95722 0
    endloop
  endfacet
  facet normal -0 0 -1
    outer loop
      vertex -30.6317 -1.66733 0
      vertex -31.2755 -4.90393 0
      vertex -30.74 -1.64207 0
    endloop
  endfacet
  facet normal 0 0 -1
    outer loop
      vertex -31.5941 -4.82963 0
      vertex -30.74 -1.64207 0
      vertex -31.2755 -4.90393 0
    endloop
  endfacet
  facet normal -0 0 -1
    outer loop
      vertex -30.74 -1.64207 0
      vertex -31.5941 -4.82963 0
      vertex -30.8464 -1.60978 0
    endloop
  endfacet
  facet normal 0 0 -1
    outer loop
      vertex -31.9072 -4.73465 0
      vertex -30.8464 -1.60978 0
      vertex -31.5941 -4.82963 0
    endloop
  endfacet
  facet normal -0 0 -1
    outer loop
      vertex -30.8464 -1.60978 0
      vertex -31.9072 -4.73465 0
      vertex -30.9506 -1.57059 0
    endloop
  endfacet
  facet normal 0 0 -1
    outer loop
      vertex -32.2134 -4.6194 0
      vertex -30.9506 -1.57059 0
      vertex -31.9072 -4.73465 0
    endloop
  endfacet
  facet normal -0 0 -1
    outer loop
      vertex -30.9506 -1.57059 0
      vertex -32.2134 -4.6194 0
      vertex -31.0519 -1.52468 0
    endloop
  endfacet
  facet normal 0 0 -1
    outer loop
      vertex -32.5114 -4.48436 0
      vertex -31.0519 -1.52468 0
      vertex -32.2134 -4.6194 0
    endloop
  endfacet
  facet normal -0 0 -1
    outer loop
      vertex -31.0519 -1.52468 0
      vertex -32.5114 -4.48436 0
      vertex -31.15 -1.47224 0
    endloop
  endfacet
  facet normal 0 0 -1
    outer loop
      vertex -32.8 -4.33013 0
      vertex -31.15 -1.47224 0
      vertex -32.5114 -4.48436 0
    endloop
  endfacet
  facet normal -0 0 -1
    outer loop
      vertex -31.15 -1.47224 0
      vertex -32.8 -4.33013 0
      vertex -31.2445 -1.4135 0
    endloop
  endfacet
  facet normal 0 0 -1
    outer loop
      vertex -33.0779 -4.15735 0
      vertex -31.2445 -1.4135 0
      vertex -32.8 -4.33013 0
    endloop
  endfacet
  facet normal -0 0 -1
    outer loop
      vertex -31.2445 -1.4135 0
      vertex -33.0779 -4.15735 0
      vertex -31.3349 -1.3487 0
    endloop
  endfacet
  facet normal 0 0 -1
    outer loop
      vertex -33.3438 -3.96677 0
      vertex -31.3349 -1.3487 0
      vertex -33.0779 -4.15735 0
    endloop
  endfacet
  facet normal -0 0 -1
    outer loop
      vertex -31.3349 -1.3487 0
      vertex -33.3438 -3.96677 0
      vertex -31.4209 -1.27813 0
    endloop
  endfacet
  facet normal 0 0 -1
    outer loop
      vertex -33.5967 -3.7592 0
      vertex -31.4209 -1.27813 0
      vertex -33.3438 -3.96677 0
    endloop
  endfacet
  facet normal -0 0 -1
    outer loop
      vertex -31.4209 -1.27813 0
      vertex -33.5967 -3.7592 0
      vertex -31.5021 -1.20208 0
    endloop
  endfacet
  facet normal 0 0 -1
    outer loop
      vertex -33.8355 -3.53553 0
      vertex -31.5021 -1.20208 0
      vertex -33.5967 -3.7592 0
    endloop
  endfacet
  facet normal -0 0 -1
    outer loop
      vertex -31.5021 -1.20208 0
      vertex -33.8355 -3.53553 0
      vertex -31.5781 -1.12089 0
    endloop
  endfacet
  facet normal 0 0 -1
    outer loop
      vertex -34.0592 -3.29673 0
      vertex -31.5781 -1.12089 0
      vertex -33.8355 -3.53553 0
    endloop
  endfacet
  facet normal -0 0 -1
    outer loop
      vertex -31.5781 -1.12089 0
      vertex -34.0592 -3.29673 0
      vertex -31.6487 -1.03489 0
    endloop
  endfacet
  facet normal 0 0 -1
    outer loop
      vertex -34.2668 -3.04381 0
      vertex -31.6487 -1.03489 0
      vertex -34.0592 -3.29673 0
    endloop
  endfacet
  facet normal -0 0 -1
    outer loop
      vertex -31.6487 -1.03489 0
      vertex -34.2668 -3.04381 0
      vertex -31.7135 -0.944468 0
    endloop
  endfacet
  facet normal 0 0 -1
    outer loop
      vertex -34.4573 -2.77785 0
      vertex -31.7135 -0.944468 0
      vertex -34.2668 -3.04381 0
    endloop
  endfacet
  facet normal -0 0 -1
    outer loop
      vertex 34.4573 2.77785 0
      vertex 31.7135 0.944468 0
      vertex 34.2668 3.04381 0
    endloop
  endfacet
  facet normal 0 0 -1
    outer loop
      vertex 31.6487 1.03489 0
      vertex 34.2668 3.04381 0
      vertex 31.7135 0.944468 0
    endloop
  endfacet
  facet normal -0 0 -1
    outer loop
      vertex 34.2668 3.04381 0
      vertex 31.6487 1.03489 0
      vertex 34.0592 3.29673 0
    endloop
  endfacet
  facet normal 0 0 -1
    outer loop
      vertex 31.5781 1.12089 0
      vertex 34.0592 3.29673 0
      vertex 31.6487 1.03489 0
    endloop
  endfacet
  facet normal -0 0 -1
    outer loop
      vertex 34.0592 3.29673 0
      vertex 31.5781 1.12089 0
      vertex 33.8355 3.53553 0
    endloop
  endfacet
  facet normal 0 0 -1
    outer loop
      vertex 31.5021 1.20208 0
      vertex 33.8355 3.53553 0
      vertex 31.5781 1.12089 0
    endloop
  endfacet
  facet normal -0 0 -1
    outer loop
      vertex 33.8355 3.53553 0
      vertex 31.5021 1.20208 0
      vertex 33.5967 3.7592 0
    endloop
  endfacet
  facet normal 0 0 -1
    outer loop
      vertex 31.4209 1.27813 0
      vertex 33.5967 3.7592 0
      vertex 31.5021 1.20208 0
    endloop
  endfacet
  facet normal -0 0 -1
    outer loop
      vertex 33.5967 3.7592 0
      vertex 31.4209 1.27813 0
      vertex 33.3438 3.96677 0
    endloop
  endfacet
  facet normal 0 0 -1
    outer loop
      vertex 31.3349 1.3487 0
      vertex 33.3438 3.96677 0
      vertex 31.4209 1.27813 0
    endloop
  endfacet
  facet normal -0 0 -1
    outer loop
      vertex 33.3438 3.96677 0
      vertex 31.3349 1.3487 0
      vertex 33.0779 4.15735 0
    endloop
  endfacet
  facet normal 0 0 -1
    outer loop
      vertex 31.2445 1.4135 0
      vertex 33.0779 4.15735 0
      vertex 31.3349 1.3487 0
    endloop
  endfacet
  facet normal -0 0 -1
    outer loop
      vertex 33.0779 4.15735 0
      vertex 31.2445 1.4135 0
      vertex 32.8 4.33013 0
    endloop
  endfacet
  facet normal 0 0 -1
    outer loop
      vertex 31.15 1.47224 0
      vertex 32.8 4.33013 0
      vertex 31.2445 1.4135 0
    endloop
  endfacet
  facet normal -0 0 -1
    outer loop
      vertex 32.8 4.33013 0
      vertex 31.15 1.47224 0
      vertex 32.5114 4.48436 0
    endloop
  endfacet
  facet normal 0 0 -1
    outer loop
      vertex 31.0519 1.52468 0
      vertex 32.5114 4.48436 0
      vertex 31.15 1.47224 0
    endloop
  endfacet
  facet normal -0 0 -1
    outer loop
      vertex 32.5114 4.48436 0
      vertex 31.0519 1.52468 0
      vertex 32.2134 4.6194 0
    endloop
  endfacet
  facet normal 0 0 -1
    outer loop
      vertex 30.9506 1.57059 0
      vertex 32.2134 4.6194 0
      vertex 31.0519 1.52468 0
    endloop
  endfacet
  facet normal -0 0 -1
    outer loop
      vertex 32.2134 4.6194 0
      vertex 30.9506 1.57059 0
      vertex 31.9072 4.73465 0
    endloop
  endfacet
  facet normal 0 0 -1
    outer loop
      vertex 30.8464 1.60978 0
      vertex 31.9072 4.73465 0
      vertex 30.9506 1.57059 0
    endloop
  endfacet
  facet normal -0 0 -1
    outer loop
      vertex 31.9072 4.73465 0
      vertex 30.8464 1.60978 0
      vertex 31.5941 4.82963 0
    endloop
  endfacet
  facet normal 0 0 -1
    outer loop
      vertex 30.74 1.64207 0
      vertex 31.5941 4.82963 0
      vertex 30.8464 1.60978 0
    endloop
  endfacet
  facet normal -0 0 -1
    outer loop
      vertex 31.5941 4.82963 0
      vertex 30.74 1.64207 0
      vertex 31.2755 4.90393 0
    endloop
  endfacet
  facet normal 0 0 -1
    outer loop
      vertex 30.6317 1.66733 0
      vertex 31.2755 4.90393 0
      vertex 30.74 1.64207 0
    endloop
  endfacet
  facet normal -0 0 -1
    outer loop
      vertex 31.2755 4.90393 0
      vertex 30.6317 1.66733 0
      vertex 30.9526 4.95722 0
    endloop
  endfacet
  facet normal 0 0 -1
    outer loop
      vertex 30.5219 1.68546 0
      vertex 30.9526 4.95722 0
      vertex 30.6317 1.66733 0
    endloop
  endfacet
  facet normal -0 0 -1
    outer loop
      vertex 30.9526 4.95722 0
      vertex 30.5219 1.68546 0
      vertex 30.627 4.98929 0
    endloop
  endfacet
  facet normal 0 0 -1
    outer loop
      vertex 30.4112 1.69636 0
      vertex 30.627 4.98929 0
      vertex 30.5219 1.68546 0
    endloop
  endfacet
  facet normal 0 0 -1
    outer loop
      vertex 30.3 1.7 0
      vertex 30.627 4.98929 0
      vertex 30.4112 1.69636 0
    endloop
  endfacet
  facet normal 0 0 -1
    outer loop
      vertex 30.3 1.7 0
      vertex 30.3 5 0
      vertex 30.627 4.98929 0
    endloop
  endfacet
  facet normal 0 0 -1
    outer loop
      vertex 30.1888 1.69636 0
      vertex 30.3 5 0
      vertex 30.3 1.7 0
    endloop
  endfacet
  facet normal 0 0 -1
    outer loop
      vertex 30.0781 1.68546 0
      vertex 30.3 5 0
      vertex 30.1888 1.69636 0
    endloop
  endfacet
  facet normal 0 0 -1
    outer loop
      vertex 29.9683 1.66733 0
      vertex 30.3 5 0
      vertex 30.0781 1.68546 0
    endloop
  endfacet
  facet normal 0 0 -1
    outer loop
      vertex 29.86 1.64207 0
      vertex 30.3 5 0
      vertex 29.9683 1.66733 0
    endloop
  endfacet
  facet normal 0 0 -1
    outer loop
      vertex 29.7536 1.60978 0
      vertex 30.3 5 0
      vertex 29.86 1.64207 0
    endloop
  endfacet
  facet normal 0 0 -1
    outer loop
      vertex 29.6494 1.57059 0
      vertex 30.3 5 0
      vertex 29.7536 1.60978 0
    endloop
  endfacet
  facet normal 0 0 -1
    outer loop
      vertex 29.5481 1.52468 0
      vertex 30.3 5 0
      vertex 29.6494 1.57059 0
    endloop
  endfacet
  facet normal 0 0 -1
    outer loop
      vertex 29.45 1.47224 0
      vertex 30.3 5 0
      vertex 29.5481 1.52468 0
    endloop
  endfacet
  facet normal 0 0 -1
    outer loop
      vertex 29.3555 1.4135 0
      vertex 30.3 5 0
      vertex 29.45 1.47224 0
    endloop
  endfacet
  facet normal 0 0 -1
    outer loop
      vertex 29.2651 1.3487 0
      vertex 30.3 5 0
      vertex 29.3555 1.4135 0
    endloop
  endfacet
  facet normal 0 0 -1
    outer loop
      vertex 29.1791 1.27813 0
      vertex 30.3 5 0
      vertex 29.2651 1.3487 0
    endloop
  endfacet
  facet normal 0 0 -1
    outer loop
      vertex 29.0979 1.20208 0
      vertex 30.3 5 0
      vertex 29.1791 1.27813 0
    endloop
  endfacet
  facet normal 0 0 -1
    outer loop
      vertex 29.0219 1.12089 0
      vertex 30.3 5 0
      vertex 29.0979 1.20208 0
    endloop
  endfacet
  facet normal 0 0 -1
    outer loop
      vertex 28.9513 1.03489 0
      vertex 30.3 5 0
      vertex 29.0219 1.12089 0
    endloop
  endfacet
  facet normal 0 0 -1
    outer loop
      vertex 28.8865 0.944468 0
      vertex 30.3 5 0
      vertex 28.9513 1.03489 0
    endloop
  endfacet
  facet normal 0 0 -1
    outer loop
      vertex 28.8278 0.849999 0
      vertex 30.3 5 0
      vertex 28.8865 0.944468 0
    endloop
  endfacet
  facet normal 0 0 -1
    outer loop
      vertex 28.7753 0.75189 0
      vertex 30.3 5 0
      vertex 28.8278 0.849999 0
    endloop
  endfacet
  facet normal 0 0 -1
    outer loop
      vertex 28.7294 0.650561 0
      vertex 30.3 5 0
      vertex 28.7753 0.75189 0
    endloop
  endfacet
  facet normal 0 0 -1
    outer loop
      vertex -28.7294 0.650561 0
      vertex 28.7294 0.650561 0
      vertex 28.6902 0.546447 0
    endloop
  endfacet
  facet normal 0 0 -1
    outer loop
      vertex -28.6 0 0
      vertex 28.6036 0.111185 0
      vertex 28.6 0 0
    endloop
  endfacet
  facet normal 0 0 -1
    outer loop
      vertex -28.6036 0.111185 0
      vertex 28.6036 0.111185 0
      vertex -28.6 0 0
    endloop
  endfacet
  facet normal 0 0 -1
    outer loop
      vertex 28.6036 0.111185 0
      vertex -28.6036 0.111185 0
      vertex 28.6145 0.221894 0
    endloop
  endfacet
  facet normal 0 0 -1
    outer loop
      vertex -28.6145 0.221894 0
      vertex 28.6145 0.221894 0
      vertex -28.6036 0.111185 0
    endloop
  endfacet
  facet normal 0 0 -1
    outer loop
      vertex 28.6145 0.221894 0
      vertex -28.6145 0.221894 0
      vertex 28.6327 0.331653 0
    endloop
  endfacet
  facet normal 0 0 -1
    outer loop
      vertex -28.6327 0.331653 0
      vertex 28.6327 0.331653 0
      vertex -28.6145 0.221894 0
    endloop
  endfacet
  facet normal 0 0 -1
    outer loop
      vertex 28.6327 0.331653 0
      vertex -28.6327 0.331653 0
      vertex 28.6579 0.439992 0
    endloop
  endfacet
  facet normal 0 0 -1
    outer loop
      vertex -28.6579 0.439992 0
      vertex 28.6579 0.439992 0
      vertex -28.6327 0.331653 0
    endloop
  endfacet
  facet normal 0 0 -1
    outer loop
      vertex 28.6579 0.439992 0
      vertex -28.6579 0.439992 0
      vertex 28.6902 0.546447 0
    endloop
  endfacet
  facet normal 0 0 -1
    outer loop
      vertex -28.6902 0.546447 0
      vertex 28.6902 0.546447 0
      vertex -28.6579 0.439992 0
    endloop
  endfacet
  facet normal 0 0 -1
    outer loop
      vertex -28.7294 0.650561 0
      vertex 28.6902 0.546447 0
      vertex -28.6902 0.546447 0
    endloop
  endfacet
  facet normal 0 0 -1
    outer loop
      vertex 28.7294 0.650561 0
      vertex -28.7294 0.650561 0
      vertex 30.3 5 0
    endloop
  endfacet
  facet normal 0 0 -1
    outer loop
      vertex -28.7753 0.75189 0
      vertex 30.3 5 0
      vertex -28.7294 0.650561 0
    endloop
  endfacet
  facet normal 0 0 -1
    outer loop
      vertex -30.3 5 0
      vertex -28.7753 0.75189 0
      vertex -28.8278 0.849999 0
    endloop
  endfacet
  facet normal 0 0 -1
    outer loop
      vertex -30.3 5 0
      vertex -28.8278 0.849999 0
      vertex -28.8865 0.944468 0
    endloop
  endfacet
  facet normal 0 0 -1
    outer loop
      vertex -30.3 5 0
      vertex -28.8865 0.944468 0
      vertex -28.9513 1.03489 0
    endloop
  endfacet
  facet normal 0 0 -1
    outer loop
      vertex -30.3 5 0
      vertex -28.9513 1.03489 0
      vertex -29.0219 1.12089 0
    endloop
  endfacet
  facet normal 0 0 -1
    outer loop
      vertex -30.3 5 0
      vertex -29.0219 1.12089 0
      vertex -29.0979 1.20208 0
    endloop
  endfacet
  facet normal 0 0 -1
    outer loop
      vertex -30.3 5 0
      vertex -29.0979 1.20208 0
      vertex -29.1791 1.27813 0
    endloop
  endfacet
  facet normal 0 0 -1
    outer loop
      vertex -30.3 5 0
      vertex -29.1791 1.27813 0
      vertex -29.2651 1.3487 0
    endloop
  endfacet
  facet normal 0 0 -1
    outer loop
      vertex -30.3 5 0
      vertex -29.2651 1.3487 0
      vertex -29.3555 1.4135 0
    endloop
  endfacet
  facet normal 0 0 -1
    outer loop
      vertex -30.3 5 0
      vertex -29.3555 1.4135 0
      vertex -29.45 1.47224 0
    endloop
  endfacet
  facet normal 0 0 -1
    outer loop
      vertex -30.3 5 0
      vertex -29.45 1.47224 0
      vertex -29.5481 1.52468 0
    endloop
  endfacet
  facet normal 0 0 -1
    outer loop
      vertex -30.3 5 0
      vertex -29.5481 1.52468 0
      vertex -29.6494 1.57059 0
    endloop
  endfacet
  facet normal 0 0 -1
    outer loop
      vertex -30.3 5 0
      vertex -29.6494 1.57059 0
      vertex -29.7536 1.60978 0
    endloop
  endfacet
  facet normal 0 0 -1
    outer loop
      vertex -30.3 5 0
      vertex -29.7536 1.60978 0
      vertex -29.86 1.64207 0
    endloop
  endfacet
  facet normal 0 0 -1
    outer loop
      vertex -30.3 5 0
      vertex -29.86 1.64207 0
      vertex -29.9683 1.66733 0
    endloop
  endfacet
  facet normal 0 0 -1
    outer loop
      vertex -30.3 5 0
      vertex -29.9683 1.66733 0
      vertex -30.0781 1.68546 0
    endloop
  endfacet
  facet normal 0 0 -1
    outer loop
      vertex -30.3 5 0
      vertex -30.0781 1.68546 0
      vertex -30.1888 1.69636 0
    endloop
  endfacet
  facet normal 0 0 -1
    outer loop
      vertex -30.3 5 0
      vertex -30.1888 1.69636 0
      vertex -30.3 1.7 0
    endloop
  endfacet
  facet normal 0 0 -1
    outer loop
      vertex -28.7753 0.75189 0
      vertex -30.3 5 0
      vertex 30.3 5 0
    endloop
  endfacet
  facet normal 0 0 -1
    outer loop
      vertex -30.4112 1.69636 0
      vertex -30.3 5 0
      vertex -30.3 1.7 0
    endloop
  endfacet
  facet normal 0 0 -1
    outer loop
      vertex -30.627 4.98929 0
      vertex -30.4112 1.69636 0
      vertex -30.5219 1.68546 0
    endloop
  endfacet
  facet normal 0 0 -1
    outer loop
      vertex -30.4112 1.69636 0
      vertex -30.627 4.98929 0
      vertex -30.3 5 0
    endloop
  endfacet
  facet normal 0 0 -1
    outer loop
      vertex -30.9526 4.95722 0
      vertex -30.5219 1.68546 0
      vertex -30.6317 1.66733 0
    endloop
  endfacet
  facet normal 0 0 -1
    outer loop
      vertex -31.2755 4.90393 0
      vertex -30.6317 1.66733 0
      vertex -30.74 1.64207 0
    endloop
  endfacet
  facet normal 0 0 -1
    outer loop
      vertex -31.5941 4.82963 0
      vertex -30.74 1.64207 0
      vertex -30.8464 1.60978 0
    endloop
  endfacet
  facet normal 0 0 -1
    outer loop
      vertex -31.9072 4.73465 0
      vertex -30.8464 1.60978 0
      vertex -30.9506 1.57059 0
    endloop
  endfacet
  facet normal 0 0 -1
    outer loop
      vertex -30.5219 1.68546 0
      vertex -30.9526 4.95722 0
      vertex -30.627 4.98929 0
    endloop
  endfacet
  facet normal 0 0 -1
    outer loop
      vertex -32.2134 4.6194 0
      vertex -30.9506 1.57059 0
      vertex -31.0519 1.52468 0
    endloop
  endfacet
  facet normal 0 0 -1
    outer loop
      vertex -32.5114 4.48436 0
      vertex -31.0519 1.52468 0
      vertex -31.15 1.47224 0
    endloop
  endfacet
  facet normal 0 0 -1
    outer loop
      vertex -32.8 4.33013 0
      vertex -31.15 1.47224 0
      vertex -31.2445 1.4135 0
    endloop
  endfacet
  facet normal 0 0 -1
    outer loop
      vertex -30.6317 1.66733 0
      vertex -31.2755 4.90393 0
      vertex -30.9526 4.95722 0
    endloop
  endfacet
  facet normal 0 0 -1
    outer loop
      vertex -33.0779 4.15735 0
      vertex -31.2445 1.4135 0
      vertex -31.3349 1.3487 0
    endloop
  endfacet
  facet normal 0 0 -1
    outer loop
      vertex -33.3438 3.96677 0
      vertex -31.3349 1.3487 0
      vertex -31.4209 1.27813 0
    endloop
  endfacet
  facet normal 0 0 -1
    outer loop
      vertex -33.5967 3.7592 0
      vertex -31.4209 1.27813 0
      vertex -31.5021 1.20208 0
    endloop
  endfacet
  facet normal 0 0 -1
    outer loop
      vertex -33.8355 3.53553 0
      vertex -31.5021 1.20208 0
      vertex -31.5781 1.12089 0
    endloop
  endfacet
  facet normal 0 0 -1
    outer loop
      vertex -30.74 1.64207 0
      vertex -31.5941 4.82963 0
      vertex -31.2755 4.90393 0
    endloop
  endfacet
  facet normal 0 0 -1
    outer loop
      vertex -34.0592 3.29673 0
      vertex -31.5781 1.12089 0
      vertex -31.6487 1.03489 0
    endloop
  endfacet
  facet normal 0 0 -1
    outer loop
      vertex -34.2668 3.04381 0
      vertex -31.6487 1.03489 0
      vertex -31.7135 0.944468 0
    endloop
  endfacet
  facet normal 0 0 -1
    outer loop
      vertex -34.4573 2.77785 0
      vertex -31.7135 0.944468 0
      vertex -31.7722 0.849999 0
    endloop
  endfacet
  facet normal 0 0 -1
    outer loop
      vertex -34.6301 2.5 0
      vertex -31.7722 0.849999 0
      vertex -31.8247 0.75189 0
    endloop
  endfacet
  facet normal 0 0 -1
    outer loop
      vertex -34.7844 2.21144 0
      vertex -31.8247 0.75189 0
      vertex -31.8706 0.650561 0
    endloop
  endfacet
  facet normal 0 0 -1
    outer loop
      vertex -30.8464 1.60978 0
      vertex -31.9072 4.73465 0
      vertex -31.5941 4.82963 0
    endloop
  endfacet
  facet normal 0 0 -1
    outer loop
      vertex -34.9194 1.91342 0
      vertex -31.8706 0.650561 0
      vertex -31.9098 0.546447 0
    endloop
  endfacet
  facet normal 0 0 -1
    outer loop
      vertex -35.0346 1.6072 0
      vertex -31.9098 0.546447 0
      vertex -31.9421 0.439992 0
    endloop
  endfacet
  facet normal 0 0 -1
    outer loop
      vertex -35.1296 1.2941 0
      vertex -31.9421 0.439992 0
      vertex -31.9673 0.331653 0
    endloop
  endfacet
  facet normal 0 0 -1
    outer loop
      vertex -35.2039 0.975451 0
      vertex -31.9673 0.331653 0
      vertex -31.9855 0.221894 0
    endloop
  endfacet
  facet normal 0 0 -1
    outer loop
      vertex -35.2572 0.652631 0
      vertex -31.9855 0.221894 0
      vertex -31.9964 0.111185 0
    endloop
  endfacet
  facet normal 0 0 -1
    outer loop
      vertex -35.2893 0.327015 0
      vertex -31.9964 0.111185 0
      vertex -32 0 0
    endloop
  endfacet
  facet normal -0 0 -1
    outer loop
      vertex -31.7135 -0.944468 0
      vertex -34.4573 -2.77785 0
      vertex -31.7722 -0.849999 0
    endloop
  endfacet
  facet normal 0 0 -1
    outer loop
      vertex -30.9506 1.57059 0
      vertex -32.2134 4.6194 0
      vertex -31.9072 4.73465 0
    endloop
  endfacet
  facet normal 0 0 -1
    outer loop
      vertex -34.6301 -2.5 0
      vertex -31.7722 -0.849999 0
      vertex -34.4573 -2.77785 0
    endloop
  endfacet
  facet normal 0 0 -1
    outer loop
      vertex -31.0519 1.52468 0
      vertex -32.5114 4.48436 0
      vertex -32.2134 4.6194 0
    endloop
  endfacet
  facet normal -0 0 -1
    outer loop
      vertex -31.7722 -0.849999 0
      vertex -34.6301 -2.5 0
      vertex -31.8247 -0.75189 0
    endloop
  endfacet
  facet normal 0 0 -1
    outer loop
      vertex -31.15 1.47224 0
      vertex -32.8 4.33013 0
      vertex -32.5114 4.48436 0
    endloop
  endfacet
  facet normal 0 0 -1
    outer loop
      vertex -34.7844 -2.21144 0
      vertex -31.8247 -0.75189 0
      vertex -34.6301 -2.5 0
    endloop
  endfacet
  facet normal 0 0 -1
    outer loop
      vertex -31.2445 1.4135 0
      vertex -33.0779 4.15735 0
      vertex -32.8 4.33013 0
    endloop
  endfacet
  facet normal -0 0 -1
    outer loop
      vertex -31.8247 -0.75189 0
      vertex -34.7844 -2.21144 0
      vertex -31.8706 -0.650561 0
    endloop
  endfacet
  facet normal 0 0 -1
    outer loop
      vertex -31.3349 1.3487 0
      vertex -33.3438 3.96677 0
      vertex -33.0779 4.15735 0
    endloop
  endfacet
  facet normal 0 0 -1
    outer loop
      vertex -34.9194 -1.91342 0
      vertex -31.8706 -0.650561 0
      vertex -34.7844 -2.21144 0
    endloop
  endfacet
  facet normal 0 0 -1
    outer loop
      vertex -31.4209 1.27813 0
      vertex -33.5967 3.7592 0
      vertex -33.3438 3.96677 0
    endloop
  endfacet
  facet normal -0 0 -1
    outer loop
      vertex -31.8706 -0.650561 0
      vertex -34.9194 -1.91342 0
      vertex -31.9098 -0.546447 0
    endloop
  endfacet
  facet normal 0 0 -1
    outer loop
      vertex -31.5021 1.20208 0
      vertex -33.8355 3.53553 0
      vertex -33.5967 3.7592 0
    endloop
  endfacet
  facet normal 0 0 -1
    outer loop
      vertex -35.0346 -1.6072 0
      vertex -31.9098 -0.546447 0
      vertex -34.9194 -1.91342 0
    endloop
  endfacet
  facet normal 0 0 -1
    outer loop
      vertex -31.5781 1.12089 0
      vertex -34.0592 3.29673 0
      vertex -33.8355 3.53553 0
    endloop
  endfacet
  facet normal -0 0 -1
    outer loop
      vertex -31.9098 -0.546447 0
      vertex -35.0346 -1.6072 0
      vertex -31.9421 -0.439992 0
    endloop
  endfacet
  facet normal 0 0 -1
    outer loop
      vertex -31.6487 1.03489 0
      vertex -34.2668 3.04381 0
      vertex -34.0592 3.29673 0
    endloop
  endfacet
  facet normal 0 0 -1
    outer loop
      vertex -35.1296 -1.2941 0
      vertex -31.9421 -0.439992 0
      vertex -35.0346 -1.6072 0
    endloop
  endfacet
  facet normal 0 0 -1
    outer loop
      vertex -31.7135 0.944468 0
      vertex -34.4573 2.77785 0
      vertex -34.2668 3.04381 0
    endloop
  endfacet
  facet normal -0 0 -1
    outer loop
      vertex -31.9421 -0.439992 0
      vertex -35.1296 -1.2941 0
      vertex -31.9673 -0.331653 0
    endloop
  endfacet
  facet normal 0 0 -1
    outer loop
      vertex -31.7722 0.849999 0
      vertex -34.6301 2.5 0
      vertex -34.4573 2.77785 0
    endloop
  endfacet
  facet normal 0 0 -1
    outer loop
      vertex -35.2039 -0.975451 0
      vertex -31.9673 -0.331653 0
      vertex -35.1296 -1.2941 0
    endloop
  endfacet
  facet normal 0 0 -1
    outer loop
      vertex -31.8247 0.75189 0
      vertex -34.7844 2.21144 0
      vertex -34.6301 2.5 0
    endloop
  endfacet
  facet normal -0 0 -1
    outer loop
      vertex -31.9673 -0.331653 0
      vertex -35.2039 -0.975451 0
      vertex -31.9855 -0.221894 0
    endloop
  endfacet
  facet normal 0 0 -1
    outer loop
      vertex -31.8706 0.650561 0
      vertex -34.9194 1.91342 0
      vertex -34.7844 2.21144 0
    endloop
  endfacet
  facet normal 0 0 -1
    outer loop
      vertex -35.2572 -0.652631 0
      vertex -31.9855 -0.221894 0
      vertex -35.2039 -0.975451 0
    endloop
  endfacet
  facet normal 0 0 -1
    outer loop
      vertex -31.9098 0.546447 0
      vertex -35.0346 1.6072 0
      vertex -34.9194 1.91342 0
    endloop
  endfacet
  facet normal -0 0 -1
    outer loop
      vertex -31.9855 -0.221894 0
      vertex -35.2572 -0.652631 0
      vertex -31.9964 -0.111185 0
    endloop
  endfacet
  facet normal 0 0 -1
    outer loop
      vertex -31.9421 0.439992 0
      vertex -35.1296 1.2941 0
      vertex -35.0346 1.6072 0
    endloop
  endfacet
  facet normal 0 0 -1
    outer loop
      vertex -35.2893 -0.327015 0
      vertex -31.9964 -0.111185 0
      vertex -35.2572 -0.652631 0
    endloop
  endfacet
  facet normal 0 0 -1
    outer loop
      vertex -31.9673 0.331653 0
      vertex -35.2039 0.975451 0
      vertex -35.1296 1.2941 0
    endloop
  endfacet
  facet normal -0 0 -1
    outer loop
      vertex -31.9964 -0.111185 0
      vertex -35.2893 -0.327015 0
      vertex -32 0 0
    endloop
  endfacet
  facet normal 0 0 -1
    outer loop
      vertex -31.9855 0.221894 0
      vertex -35.2572 0.652631 0
      vertex -35.2039 0.975451 0
    endloop
  endfacet
  facet normal 0 0 -1
    outer loop
      vertex -35.3 0 0
      vertex -32 0 0
      vertex -35.2893 -0.327015 0
    endloop
  endfacet
  facet normal 0 0 -1
    outer loop
      vertex -31.9964 0.111185 0
      vertex -35.2893 0.327015 0
      vertex -35.2572 0.652631 0
    endloop
  endfacet
  facet normal 0 0 -1
    outer loop
      vertex -32 0 0
      vertex -35.3 0 0
      vertex -35.2893 0.327015 0
    endloop
  endfacet
  facet normal 0.986642 -0.162902 0
    outer loop
      vertex 35.2039 -0.975451 2.5
      vertex 35.2572 -0.652631 0
      vertex 35.2572 -0.652631 2.5
    endloop
  endfacet
  facet normal 0.986642 -0.162902 0
    outer loop
      vertex 35.2572 -0.652631 0
      vertex 35.2039 -0.975451 2.5
      vertex 35.2039 -0.975451 0
    endloop
  endfacet
  facet normal -0.290291 0.956939 0
    outer loop
      vertex -31.5941 4.82963 0
      vertex -31.9072 4.73465 2.5
      vertex -31.5941 4.82963 2.5
    endloop
  endfacet
  facet normal -0.290291 0.956939 0
    outer loop
      vertex -31.9072 4.73465 2.5
      vertex -31.5941 4.82963 0
      vertex -31.9072 4.73465 0
    endloop
  endfacet
  facet normal 0.995176 -0.0981068 0
    outer loop
      vertex 35.2572 -0.652631 2.5
      vertex 35.2893 -0.327015 0
      vertex 35.2893 -0.327015 2.5
    endloop
  endfacet
  facet normal 0.995176 -0.0981068 0
    outer loop
      vertex 35.2893 -0.327015 0
      vertex 35.2572 -0.652631 2.5
      vertex 35.2572 -0.652631 0
    endloop
  endfacet
  facet normal 0.0980208 0.995184 -0
    outer loop
      vertex 30.9526 4.95722 0
      vertex 30.627 4.98929 2.5
      vertex 30.9526 4.95722 2.5
    endloop
  endfacet
  facet normal 0.0980208 0.995184 0
    outer loop
      vertex 30.627 4.98929 2.5
      vertex 30.9526 4.95722 0
      vertex 30.627 4.98929 0
    endloop
  endfacet
  facet normal 0.0327347 0.999464 -0
    outer loop
      vertex 30.627 4.98929 0
      vertex 30.3 5 2.5
      vertex 30.627 4.98929 2.5
    endloop
  endfacet
  facet normal 0.0327347 0.999464 0
    outer loop
      vertex 30.3 5 2.5
      vertex 30.627 4.98929 0
      vertex 30.3 5 0
    endloop
  endfacet
  facet normal 0.729804 0.683656 0
    outer loop
      vertex 34.0592 3.29673 2.5
      vertex 33.8355 3.53553 0
      vertex 33.8355 3.53553 2.5
    endloop
  endfacet
  facet normal 0.729804 0.683656 0
    outer loop
      vertex 33.8355 3.53553 0
      vertex 34.0592 3.29673 2.5
      vertex 34.0592 3.29673 0
    endloop
  endfacet
  facet normal 0.683608 0.72985 -0
    outer loop
      vertex 33.8355 3.53553 0
      vertex 33.5967 3.7592 2.5
      vertex 33.8355 3.53553 2.5
    endloop
  endfacet
  facet normal 0.683608 0.72985 0
    outer loop
      vertex 33.5967 3.7592 2.5
      vertex 33.8355 3.53553 0
      vertex 33.5967 3.7592 0
    endloop
  endfacet
  facet normal -0.412753 -0.910843 0
    outer loop
      vertex -32.5114 -4.48436 0
      vertex -32.2134 -4.6194 2.5
      vertex -32.5114 -4.48436 2.5
    endloop
  endfacet
  facet normal -0.412753 -0.910843 -0
    outer loop
      vertex -32.2134 -4.6194 2.5
      vertex -32.5114 -4.48436 0
      vertex -32.2134 -4.6194 0
    endloop
  endfacet
  facet normal 0.528003 0.849242 -0
    outer loop
      vertex 33.0779 4.15735 0
      vertex 32.8 4.33013 2.5
      vertex 33.0779 4.15735 2.5
    endloop
  endfacet
  facet normal 0.528003 0.849242 0
    outer loop
      vertex 32.8 4.33013 2.5
      vertex 33.0779 4.15735 0
      vertex 32.8 4.33013 0
    endloop
  endfacet
  facet normal 0.999465 -0.0327027 0
    outer loop
      vertex 35.2893 -0.327015 2.5
      vertex 35.3 0 0
      vertex 35.3 0 2.5
    endloop
  endfacet
  facet normal 0.999465 -0.0327027 0
    outer loop
      vertex 35.3 0 0
      vertex 35.2893 -0.327015 2.5
      vertex 35.2893 -0.327015 0
    endloop
  endfacet
  facet normal 0.9109 0.412628 0
    outer loop
      vertex 34.9194 1.91342 2.5
      vertex 34.7844 2.21144 0
      vertex 34.7844 2.21144 2.5
    endloop
  endfacet
  facet normal 0.9109 0.412628 0
    outer loop
      vertex 34.7844 2.21144 0
      vertex 34.9194 1.91342 2.5
      vertex 34.9194 1.91342 0
    endloop
  endfacet
  facet normal 0.162833 -0.986654 0
    outer loop
      vertex 30.9526 -4.95722 0
      vertex 31.2755 -4.90393 2.5
      vertex 30.9526 -4.95722 2.5
    endloop
  endfacet
  facet normal 0.162833 -0.986654 0
    outer loop
      vertex 31.2755 -4.90393 2.5
      vertex 30.9526 -4.95722 0
      vertex 31.2755 -4.90393 0
    endloop
  endfacet
  facet normal -0.227114 0.973868 0
    outer loop
      vertex -31.2755 4.90393 0
      vertex -31.5941 4.82963 2.5
      vertex -31.2755 4.90393 2.5
    endloop
  endfacet
  facet normal -0.227114 0.973868 0
    outer loop
      vertex -31.5941 4.82963 2.5
      vertex -31.2755 4.90393 0
      vertex -31.5941 4.82963 0
    endloop
  endfacet
  facet normal 0.412753 0.910843 -0
    outer loop
      vertex 32.5114 4.48436 0
      vertex 32.2134 4.6194 2.5
      vertex 32.5114 4.48436 2.5
    endloop
  endfacet
  facet normal 0.412753 0.910843 0
    outer loop
      vertex 32.2134 4.6194 2.5
      vertex 32.5114 4.48436 0
      vertex 32.2134 4.6194 0
    endloop
  endfacet
  facet normal 0.63443 0.77298 -0
    outer loop
      vertex 33.5967 3.7592 0
      vertex 33.3438 3.96677 2.5
      vertex 33.5967 3.7592 2.5
    endloop
  endfacet
  facet normal 0.63443 0.77298 0
    outer loop
      vertex 33.3438 3.96677 2.5
      vertex 33.5967 3.7592 0
      vertex 33.3438 3.96677 0
    endloop
  endfacet
  facet normal -0.471326 -0.881959 0
    outer loop
      vertex -32.8 -4.33013 0
      vertex -32.5114 -4.48436 2.5
      vertex -32.8 -4.33013 2.5
    endloop
  endfacet
  facet normal -0.471326 -0.881959 -0
    outer loop
      vertex -32.5114 -4.48436 2.5
      vertex -32.8 -4.33013 0
      vertex -32.5114 -4.48436 0
    endloop
  endfacet
  facet normal 0.162833 0.986654 -0
    outer loop
      vertex 31.2755 4.90393 0
      vertex 30.9526 4.95722 2.5
      vertex 31.2755 4.90393 2.5
    endloop
  endfacet
  facet normal 0.162833 0.986654 0
    outer loop
      vertex 30.9526 4.95722 2.5
      vertex 31.2755 4.90393 0
      vertex 30.9526 4.95722 0
    endloop
  endfacet
  facet normal 0.352262 0.935901 -0
    outer loop
      vertex 32.2134 4.6194 0
      vertex 31.9072 4.73465 2.5
      vertex 32.2134 4.6194 2.5
    endloop
  endfacet
  facet normal 0.352262 0.935901 0
    outer loop
      vertex 31.9072 4.73465 2.5
      vertex 32.2134 4.6194 0
      vertex 31.9072 4.73465 0
    endloop
  endfacet
  facet normal 0.881843 -0.471543 0
    outer loop
      vertex 34.6301 -2.5 2.5
      vertex 34.7844 -2.21144 0
      vertex 34.7844 -2.21144 2.5
    endloop
  endfacet
  facet normal 0.881843 -0.471543 0
    outer loop
      vertex 34.7844 -2.21144 0
      vertex 34.6301 -2.5 2.5
      vertex 34.6301 -2.5 0
    endloop
  endfacet
  facet normal 1 0 0
    outer loop
      vertex -9 8 3.09
      vertex -9 5 2.5
      vertex -9 8 2.49
    endloop
  endfacet
  facet normal 1 0 0
    outer loop
      vertex -9 8 3.09
      vertex -9 -5 2.5
      vertex -9 5 2.5
    endloop
  endfacet
  facet normal 1 -0 0
    outer loop
      vertex -9 -8 3.09
      vertex -9 -5 2.5
      vertex -9 8 3.09
    endloop
  endfacet
  facet normal 1 0 0
    outer loop
      vertex -9 -8 2.49
      vertex -9 -5 2.5
      vertex -9 -8 3.09
    endloop
  endfacet
  facet normal 1 0 0
    outer loop
      vertex -9 -5 2.5
      vertex -9 -8 2.49
      vertex -9 -5 2.49
    endloop
  endfacet
  facet normal 1 0 0
    outer loop
      vertex -9 8 2.49
      vertex -9 5 2.5
      vertex -9 5 2.49
    endloop
  endfacet
  facet normal -0 0 1
    outer loop
      vertex -15 8 3.09
      vertex -9 -8 3.09
      vertex -9 8 3.09
    endloop
  endfacet
  facet normal 0 0 1
    outer loop
      vertex -9 -8 3.09
      vertex -15 8 3.09
      vertex -15 -8 3.09
    endloop
  endfacet
  facet normal 0 0 -1
    outer loop
      vertex -15 5 2.49
      vertex -9 8 2.49
      vertex -9 5 2.49
    endloop
  endfacet
  facet normal -0 0 -1
    outer loop
      vertex -9 8 2.49
      vertex -15 5 2.49
      vertex -15 8 2.49
    endloop
  endfacet
  facet normal 0 0 -1
    outer loop
      vertex -15 -8 2.49
      vertex -9 -5 2.49
      vertex -9 -8 2.49
    endloop
  endfacet
  facet normal -0 0 -1
    outer loop
      vertex -9 -5 2.49
      vertex -15 -8 2.49
      vertex -15 -5 2.49
    endloop
  endfacet
  facet normal -1 0 0
    outer loop
      vertex -15 -5 2.49
      vertex -15 -8 2.49
      vertex -15 -5 2.5
    endloop
  endfacet
  facet normal -1 0 0
    outer loop
      vertex -15 5 2.5
      vertex -15 8 2.49
      vertex -15 5 2.49
    endloop
  endfacet
  facet normal -1 0 0
    outer loop
      vertex -15 8 2.49
      vertex -15 5 2.5
      vertex -15 8 3.09
    endloop
  endfacet
  facet normal -1 0 0
    outer loop
      vertex -15 -5 2.5
      vertex -15 8 3.09
      vertex -15 5 2.5
    endloop
  endfacet
  facet normal -1 0 0
    outer loop
      vertex -15 -8 3.09
      vertex -15 -5 2.5
      vertex -15 -8 2.49
    endloop
  endfacet
  facet normal -1 0 0
    outer loop
      vertex -15 -5 2.5
      vertex -15 -8 3.09
      vertex -15 8 3.09
    endloop
  endfacet
  facet normal 0 1 -0
    outer loop
      vertex -9 8 2.49
      vertex -15 8 3.09
      vertex -9 8 3.09
    endloop
  endfacet
  facet normal 0 1 0
    outer loop
      vertex -15 8 3.09
      vertex -9 8 2.49
      vertex -15 8 2.49
    endloop
  endfacet
  facet normal 0 -1 0
    outer loop
      vertex -15 -8 2.49
      vertex -9 -8 3.09
      vertex -15 -8 3.09
    endloop
  endfacet
  facet normal 0 -1 -0
    outer loop
      vertex -9 -8 3.09
      vertex -15 -8 2.49
      vertex -9 -8 2.49
    endloop
  endfacet
  facet normal 1 0 0
    outer loop
      vertex 15 8 3.09
      vertex 15 5 2.5
      vertex 15 8 2.49
    endloop
  endfacet
  facet normal 1 0 0
    outer loop
      vertex 15 8 3.09
      vertex 15 -5 2.5
      vertex 15 5 2.5
    endloop
  endfacet
  facet normal 1 -0 0
    outer loop
      vertex 15 -8 3.09
      vertex 15 -5 2.5
      vertex 15 8 3.09
    endloop
  endfacet
  facet normal 1 0 0
    outer loop
      vertex 15 -8 2.49
      vertex 15 -5 2.5
      vertex 15 -8 3.09
    endloop
  endfacet
  facet normal 1 0 0
    outer loop
      vertex 15 -5 2.5
      vertex 15 -8 2.49
      vertex 15 -5 2.49
    endloop
  endfacet
  facet normal 1 0 0
    outer loop
      vertex 15 8 2.49
      vertex 15 5 2.5
      vertex 15 5 2.49
    endloop
  endfacet
  facet normal -0 0 1
    outer loop
      vertex 9 8 3.09
      vertex 15 -8 3.09
      vertex 15 8 3.09
    endloop
  endfacet
  facet normal 0 0 1
    outer loop
      vertex 15 -8 3.09
      vertex 9 8 3.09
      vertex 9 -8 3.09
    endloop
  endfacet
  facet normal 0 0 -1
    outer loop
      vertex 9 5 2.49
      vertex 15 8 2.49
      vertex 15 5 2.49
    endloop
  endfacet
  facet normal -0 0 -1
    outer loop
      vertex 15 8 2.49
      vertex 9 5 2.49
      vertex 9 8 2.49
    endloop
  endfacet
  facet normal 0 0 -1
    outer loop
      vertex 9 -8 2.49
      vertex 15 -5 2.49
      vertex 15 -8 2.49
    endloop
  endfacet
  facet normal -0 0 -1
    outer loop
      vertex 15 -5 2.49
      vertex 9 -8 2.49
      vertex 9 -5 2.49
    endloop
  endfacet
  facet normal -1 0 0
    outer loop
      vertex 9 -5 2.49
      vertex 9 -8 2.49
      vertex 9 -5 2.5
    endloop
  endfacet
  facet normal -1 0 0
    outer loop
      vertex 9 5 2.5
      vertex 9 8 2.49
      vertex 9 5 2.49
    endloop
  endfacet
  facet normal -1 0 0
    outer loop
      vertex 9 8 2.49
      vertex 9 5 2.5
      vertex 9 8 3.09
    endloop
  endfacet
  facet normal -1 0 0
    outer loop
      vertex 9 -5 2.5
      vertex 9 8 3.09
      vertex 9 5 2.5
    endloop
  endfacet
  facet normal -1 0 0
    outer loop
      vertex 9 -8 3.09
      vertex 9 -5 2.5
      vertex 9 -8 2.49
    endloop
  endfacet
  facet normal -1 0 0
    outer loop
      vertex 9 -5 2.5
      vertex 9 -8 3.09
      vertex 9 8 3.09
    endloop
  endfacet
  facet normal 0 1 -0
    outer loop
      vertex 15 8 2.49
      vertex 9 8 3.09
      vertex 15 8 3.09
    endloop
  endfacet
  facet normal 0 1 0
    outer loop
      vertex 9 8 3.09
      vertex 15 8 2.49
      vertex 9 8 2.49
    endloop
  endfacet
  facet normal 0 -1 0
    outer loop
      vertex 9 -8 2.49
      vertex 15 -8 3.09
      vertex 9 -8 3.09
    endloop
  endfacet
  facet normal 0 -1 -0
    outer loop
      vertex 15 -8 3.09
      vertex 9 -8 2.49
      vertex 15 -8 2.49
    endloop
  endfacet
endsolid OpenSCAD_Model
